プロローグ,楽天家ゲルト,村人,人狼なんているわけないじゃん。みんな大げさだなあ
プロローグ,羊飼いカタリナ,霊能者,眠いのですよ～
プロローグ,農夫ヤコブ,人狼,や
プロローグ,少年ペーター,狩人,こんにちはー。とりあえず寝るのですー。
プロローグ,農夫ヤコブ,人狼,やってきてすぐ眠いとか言い出すのは死亡フラグだと思うん。おれっちはちょっと裏の倉庫で物音がしたから様子見てくるん。
プロローグ,司書クララ,村人,>>4こんにちわ？･･･時計の隠された村なのかしらね。よろしく。
プロローグ,司書クララ,村人,さて、アンケート置いておきます。回答よろしく。■１.参加コアタイム　鳩飛ばせるかについて■２.仮・本希望時間■３.投票ＣＯについて□４.自己紹介などエトセトラ
プロローグ,司書クララ,村人,■１.不定期ね。夜は基本来れるし、朝とお昼休みも覗ける。鳩はまだ不安定。議事追うのが限界ね。■２.仮0:00 本1:00　朝は絶対起きれる自信がないので。早まる分には問題ないけど、深夜になりすぎるのはやめてほしい。■３.どちらでも。ただ使いたいというなら、無記名な分、対応はむずかしいのは理解して、今日のうちにどうすれば上手く使えるのか説明を希望するわ。明日話すと言うなら、努力不足。反対するわ。
プロローグ,司書クララ,村人,□4.クララです。･･･他に何を言えと。困ったわね。あまり口が上手いほうではなくて。あー･･･まぁ、よろしくお願いします、ということで。後、追加。□５.死亡フラグなどあればこ、こんなところに独りでいられません！部屋に戻らせてもらいます！＠16
プロローグ,司書クララ,村人,ああ、忘れてましたね。こちらも大事です。初めての方もそうでない方もいちどご確認を→【http://wolfbbs.jp/】【基本知識】【ルール】【マナー】は大事です。いちど目を通しておくといいです。あと【初参加な方は、それを生存時は明かさないように】【狼もまた、同じ村の一員という事を忘れないで】と、お願いしておきます。
プロローグ,司書クララ,村人,まぁ、人狼なんているわけないじゃん、おおげさだなぁ。なのですが。備えあれば憂い無しです。ツッコミは禁止です。では、今度こそおやすみなさい。＠14
プロローグ,少年ペーター,狩人,みんなおはよー やっぱり次の日になってたー 眠い寝るー
プロローグ,司書クララ,村人,おはよう。まぁ、予想通り、ですか。集まっていたら、それはそれで困りましたし、良しとしましょう。しばらく、図書整理しながら様子を見てます。何かあれば、お声をかけてください。･･･ナンパはお断りですが。>>12･･･の○た君？
プロローグ,司書クララ,村人,･･･朝更新の村で、この時間に人がいないとは、予想外ね。隠された村だけに、なかなかたどり着けないのかしら。お昼でも用意しながら、少し休憩してます。良かったらどうぞ。あまり味に自信はありませんが。つ【ツナと新タマネギのサンドイッチ】【プチトマト入りミニオムレツ】【ダージリンティー】
プロローグ,羊飼いカタリナ,霊能者,本日まだ発言していない～っていうのみて！？はじまったの！？ってなってしまったのですよ……延長プロなのですね～
プロローグ,司書クララ,村人,おや、こんにちわ。よければサンドイッチ、摘んでてくださいな。プロローグから、失踪適応になったからですね。未発言表示は。朝村ですし、ゆっくり待つのがよさそうですね。
プロローグ,司書クララ,村人,さて、休憩も終わりですし、書庫のほうに戻ります。大量に届いた本の整理に追われるので、夜までは戻れないかと。夜コアの人が多いのかな、という様子ですし、その時にでもいろいろとお話しでも出来たら、と。では、また。＠16
プロローグ,シスターフリーデル,人狼,雨が降り続いているので村にたどり着ける方も少ないのでしょう。
プロローグ,少女リーザ,村人,らーらーるー
プロローグ,少女リーザ,村人,はい、よろしくねっ！失踪怖いよ失踪って事で１発言。とりあえずごはんっ。
プロローグ,シスターフリーデル,人狼,失踪ってこわいな
プロローグ,少年ペーター,狩人,なんだか寒いよパトラッシュ
プロローグ,羊飼いカタリナ,霊能者,ヤコブさんがこなかったら下手したら13人編成ですか、怖い！
プロローグ,少年ペーター,狩人,静かなエピソードだなあ…（しみじみ人こーい！
プロローグ,農夫ヤコブ,人狼,おとーさーん！
プロローグ,農夫ヤコブ,人狼,僕はヤコブジュニア。お父さんが倉庫の様子を見に行ったっきり帰ってこないんだ…
プロローグ,農夫ヤコブ,人狼,■コアタイムは夜中だけと更新時間付近はちゃんといられるよ■仮決定07:00本決定07:30■考えるのが面倒だなぁとだけ□倉庫近くの洞窟が怪しいと思うんだよね…警察も呼んでおいたしちょっと洞窟の中の様子見てくる！
プロローグ,旅人ニコラス,村人,やあ遅くなったよ。春の雨は冷たい…どうぞよろしくね。
プロローグ,少年ペーター,狩人,■１.基本夜かな。朝も鳩から見てるよー。■２.仮24本7:30とかかなー。■３.かく乱も何もあったもんじゃないから僕は嫌いかなー。この村では。まあでも村のみんなのそういに従うよ—。□４．ニコラスさんこんにちは！□５．クララが立った！
プロローグ,旅人ニコラス,村人,■コアタイムは夜、朝は見てるだけ。■仮20:00　本24:00■流されるままに生きてるからお任せする。□ん…勘だけは鋭いかな。さあてどうなるか。ヤコブジュニア大丈夫か～？足元には気をつけて！@28
プロローグ,旅人ニコラス,村人,こんにちわペーター。どうぞよろしく。さて無事村に着いたことだし私は寝るよ。
プロローグ,青年ヨアヒム,村人,やほー。
プロローグ,青年ヨアヒム,村人,この調子なら明日の朝には夜明けを向かえられるんじゃね？って希望を胸にダーイブ！
プロローグ,青年ヨアヒム,村人,めがっさ勘でアンケートらしきものに答えてみる。■１．不定期。昼間に顔出したり、夜中遅くなったり。■２．まず人狼なんているわけないじゃんおおげｓ（ｒｙ　だし、今から決定がどうのって話をするのって何か違うんじゃないかなーとか思うわけですよ、奥さん。まあアレだよ、必要そうなら適宜提案したり打診したりすればいんじゃね？
プロローグ,行商人アルビン,狂人,宜しくー。
プロローグ,シスターフリーデル,人狼,■１.私は24時以降の夜遅くとお昼の12時過ぎから14時くらいに村に来れます。　　 鳩も飛ばせます。村の会議は鳩から日中は時々見に来れます。■２.できるだけ遅い時間が希望です。25時とか26時とか。■３.投票ＣＯについて　特に反対はないです。実行難しくないですか？□４.帝都から派遣されてきた待祭のフリーデルです。よろしくお願いします。
プロローグ,シスターフリーデル,人狼,□５.だいじょうぶです。きっと主は私たちを見捨てたりしないはずです。
プロローグ,シスターフリーデル,人狼,ヨアヒム、「めがっさ」とは何でしょうか？
プロローグ,負傷兵シモン,村人,いやー、えろう濡れてしもたわ！まったく、なんちゅー雨やねん外！……うっわ、下着ん中までびっしょびしょやんけ！これどないせいっちゅーねん！ええ？着替えくらい持ってるやろ、ここで着替えろ、やて？おーわかったわかった。よっしゃ、じゃあみんな集まれー！シモンのスーパーお着替えタイムはっじまっるよー♪……ってなにさせるんやワレェェ！わしはアホか！変態か！うおぉぉぉ……！（自分の頭を殴る）
プロローグ,負傷兵シモン,村人,はぁ、はぁ、はぁ、……ま、まいどー！いやー騒がしゅうしてもうたみたいで、えろうすんまへん！まあせやかて、こうして村で一休みすんのもこれで一月ぶりやさかい、ちぃとばかり騒がしゅうても許してくれへんやろか？
プロローグ,負傷兵シモン,村人,……っと、お、お、おおおお！？よう見たらベッピンさんが１、２、３人……しかもダイヤの原石が１つ！？な、なんちゅーこっちゃ！ここは美人村かぁ！？あの幻の「隠された美人村」やったんかぁ！？うひょーーー！こんなところにたどり着けたなんて……わしは、わしは、もう泣いてしまいそうやあああ！！うー、ひっく、ひっく、おいおいおい！！
プロローグ,パン屋オットー,占い師,や、こんばんは。遅くなったね。
プロローグ,負傷兵シモン,村人,クララくん、うるわしゅう女性にナンパお断りと言われたときこそ、漢は黙っとらんのやでー！ほれ見てみぃ、この最前線で暴れまわった末に鍛え上げられたこの筋肉をッ！！さァさァ！わしとちぃとばかし夜の火遊びしよーZE？
プロローグ,負傷兵シモン,村人,……おぉ、ちぃと騒ぎすぎたせいで傷が……倒れる前にアンケートに答えるぜ。
プロローグ,旅人ニコラス,村人,そう…めがっさ・めがめが、めがっさ・さがさが、と唱えるとね、勘が良くなるんだ……シスターもどうぞ（ふふっ）@27おやおや愉しくなってきた！こんばんわ、シモン、オットー。美女祭りの会場はこちらだよ
プロローグ,行商人アルビン,狂人,■１.夜が中心。■２.他の人に合わせます。■３.投票CO自体に抵抗はありません。
プロローグ,ならず者ディーター,人狼,お邪魔ー
プロローグ,司書クララ,村人,あ、揃ってきてますね。すみません、夜戻れてたのですが、静けさのあまり、はじまらないかと書庫整理に篭ってました。すみません。ええと、少し議事の方見てきます。
プロローグ,シスターフリーデル,人狼,めが？とてもの意味でしょうか？00:54と00:55だけ文字の色が違うような…。
プロローグ,パン屋オットー,占い師,シモン…何をそんなにいきなりエキってるんだ。泣くなよ、男だろ。■1.不定期だな。基本夜メインだが、22時以降いられない日もある。その場合、鳩で確認はできるし、手紙を持たせることも一応はできるよ。■2.仮24時、本7時とかはどうかな。■3.んー、基本的にイヤではない。でも「無理にやらなくても」という感じかな。
プロローグ,司書クララ,村人,>>43シモンナンパも筋肉もお断りです(きっぱり私以外への求愛は、応援しますよ。頑張ってください。男の方同士でもいいかもしれません(小声
プロローグ,パン屋オットー,占い師,□4.売り上げの芳しくないパン屋だよ。効果的な販促のアイディア、誰かないかい？「隠された」村、だからかなぁ…何で受動態なんだろう。誰かに隠されてるのか。□5.俺…人狼を総て退治したら、店を大きくしようと思ってるんだ…。みんな、よろしく頼む。ディーターで13人か、こんばんは。あと1人でフルメンバーだね。
プロローグ,ならず者ディーター,人狼,■１.夜メイン。鳩ないゴメン。■２.24仮・25本。■３.個人的には好きだけど駄目な人がいたら合わせる。□４．自分探しの旅の途中…うーむ。無個性で何が悪い。
プロローグ,負傷兵シモン,村人,■１．そこに女性がいればいつだって！……と言いたいのはやまやまなんやけど、基本的に不定期やな。鳩は……あ、あんま言いたくないんやけど、ほ、ほら、戦争のときってみんな必死やん？特に食料の確保とかさ？せ、せやから、その……■２．仮22時、本23時ってとこやな。■３．心をひろぉぉぉくするってのが漢の第一条件！特にこだわりはないさかい、こだわりのある人を尊重ますわ！□４．（こ、これ以上になにをせいと
プロローグ,パン屋オットー,占い師,フリーデル>>49　「めがっさ」って言うのは、まぁ、そんな感じ。「超ウケるー」の「超」みたいなものだよ。時間の色が違うのは、「reload」の更新分の新しい発言は、オレンジ色になるみたいだね。
プロローグ,木こりトーマス,村人,雨の夜更けに知らない村に迷い込んでしまった
プロローグ,負傷兵シモン,村人,>>51クララーーーー！！！しゃ、しゃーない……潔いのもまた漢の条件や……ううっ、け、けどっ、遠くからそっと見ておくからな！クララには誰にも手出しさせへんでーーー！！
プロローグ,負傷兵シモン,村人,（入ってきたトーマスを見て）……こ、この筋肉……わ、わ、わわわ、なんや、なんや、心臓がばっくばくしてきて……あぁ、この気持ちはいったい……きゅん
プロローグ,木こりトーマス,村人,めがっさにょろにょろ…カリカリモフモフ…
プロローグ,ならず者ディーター,人狼,おお、フルメンキタコレ。みんなよろしくなー。いまプロ読んでるんだが、決定の希望時間バラバラだなｗ
プロローグ,司書クララ,村人,>>26ヤコブJr･･･世にも珍しい楽天家より早い犠牲者でしょうか。怖いですね。けど、おいしいな、それ、と思ってしまう不謹慎な私がいます。>>29ペーター私＝死亡フラグですか!?
プロローグ,木こりトーマス,村人,（包帯美少年…）ぽっ
プロローグ,ならず者ディーター,人狼,なん…だと…
プロローグ,負傷兵シモン,村人,>>50お、オットーーー！！お、おまえ、その顔、そのこげ茶いろのパンは……まさかあの伝説の、漢の中の漢、「キング☆オヴ☆オトコ」なのか！？
プロローグ,パン屋オットー,占い師,あ、両想いおめでとうございます。どことは言いませんが。ディーター>>60　確かにバラバラだｗいっそ個人戦とか…ごにょごにょ。
プロローグ,旅人ニコラス,村人,トーマス、ディーターお疲れ様。愉しい村だ、くつろいでいこう（笑）クララが何か言ったぞぼそっと…（含笑）シモン……いい奴だな。包帯が緩んだら手伝う。
プロローグ,司書クララ,村人,>>58シモンそれは、きっと恋です！(どーん>>60ディーターですね、少し決定時間はどうするか難しそうです。
プロローグ,負傷兵シモン,村人,>>62（トーマスが頬を赤らめたのを見て）い、い、いまトーマスさんがこっち見たよね、みみみ見たよね！で、で、でもどうしてあんなに顔が赤いの！？わ、わし……もしかして、なにかトーマスさんを怒らしちゃったのかしら！？うわーん！もうお嫁いけなーい！
プロローグ,木こりトーマス,村人,■１.基本は夜０時前後　あいぽん種は鳩だべか？■２.夜であれば合わせます。早朝はムリかも＞＜■３.投票ＣＯなし希望ですが、皆さんに合わせます。□４.私が落としたのは金のオノです（ハァハァ□５.この村にコナン迷い込んだようです
プロローグ,司書クララ,村人,>>62トーマスそれもきっと愛です！（どーん>>65オットーありかもですね、個人戦。苦手な方もいるので難しいところですが。私は特別、反対しませんが、反対の方いるなら避けたいかな、と。
プロローグ,旅人ニコラス,村人,成立早っ（笑）おめでとさん。うーん、朝村はやはり無理があったか…■死亡フラグ　次の旅に行かなくちゃ。かな
プロローグ,負傷兵シモン,村人,クララ、クララ……やっぱり、これって恋なのかなぁ？恋なのかなぁ？わ、わし……いったい、どうしたらいいんやろ？どうしたらトーマスさんに「ぼくと結婚しよう」って言われるんやろ？
プロローグ,パン屋オットー,占い師,シモン>>64　こげ茶色のパン…やらんよ！クララ>>70　ん、まぁ、言ってみただけだよ。まー…本当にみんなの時間がバラッバラなら、真面目に一考してみても良いかなぁ…とか…自信ないけど。あ、もちろん「個人戦ヤダ」って人がいなければ、ね。そこは同意。
プロローグ,司書クララ,村人,>>72シモン自信を持って大丈夫です！彼もきっとシモンを愛していますよ！（どーんそして、出来れば、後で詳しくお話聞かせてください（小声
プロローグ,負傷兵シモン,村人,>>65個人戦か……まあ、それはそれでええかもな！どっちでもええよ！わしは！なんやゆーても漢だから！！
プロローグ,司書クララ,村人,>>73オットー時間がいろいろ難しいですね。決定についてもですが、コアタイムもかなり人によって違うのかなと、心配で。上手く今日のうちに話し合えればよかったのですが･･･難しいかな。寝てしまった方も多そうですし。
プロローグ,司書クララ,村人,素直にアンケートでいきましょう。■４．個人戦ありか、なしか。私は>>70>>75見解です。まとめ出来るかも難しい編成ですし、時間ばらけそうなら、ありかな、と。
プロローグ,負傷兵シモン,村人,オットー>>73……隙さえ見つけられれば……じゅるりクララ>>74　う、うん、そうだね……わし、がんばってみるよ……！で、でも、漢が漢を好きになるって、いけないことじゃないの？「これできみも漢だ！スーパー漢マニュアル」には乗ってないけど……
プロローグ,旅人ニコラス,村人,個人戦でもいいさ。ちゃんと向き合ってから次の旅に出るから。さあもう遅いから失礼する。おやすみ…
プロローグ,ならず者ディーター,人狼,■死亡フラグ　「大丈夫。もうすぐまとまった金が手に入るんだ！」 個人戦か。未経験だがオットーに謎のときめきを覚えたので反対しない。しかしこの国、無記名投票なんだよなぁ。そのへん大丈夫なんかね？【～に吊セット】宣言でも回すの？
プロローグ,木こりトーマス,村人,司書のおねーさんは腐女子…と（メモメモ
プロローグ,少年ペーター,狩人,■４．　嫌いじゃないよー。反対しませーん。決定ずれまくってるっぽいし、いいかもです。寝ますねー。みんなよろしくですー。
プロローグ,パン屋オットー,占い師,俺も、個人戦の経験は無いんだよな…だから今のうちに話せればよかったけど…もう寝てる人、結構いるよね。クララ>>77　悪いな、アンケートありがとう。■4.俺としては、まとめ役が時間的に立てづらいなら、個人戦アリアリ。でも「やりたくない」って人がいるなら、無理には勧めない。あと【まとめ役が立てれた場合、決定時間が何時になっても構わない】とだけ。
プロローグ,木こりトーマス,村人,無記名だからまとめたい気がします、できれば
プロローグ,パン屋オットー,占い師,ペーター、ニコラス、おやすみ。あーそっか、無記名…うーん…ディーター>>80みたいに「吊りセット宣言」ぐらいしかないかなぁ…悩ましい。
プロローグ,負傷兵シモン,村人,>>84（トーマスさんの意見……！）それにしてもオットーはやっぱ漢やなあ！尊敬するでー！>>77おおきに、クララ！……また相談乗ってね？そ、そろそろ、わしも騒ぎすぎて目眩がしてきたさかい……つ【決定時間は何時でもオッケーやで！】
プロローグ,ならず者ディーター,人狼,ふむ。みんなの意見出のを待つ、とか言いながら寝る。俺自身が深夜村のような希望出してるのに申し訳ないｗまとめ制になる場合は、CO状況や希望出しの時間にある程度目をつぶってくれるなら何時でもいいや。
プロローグ,ならず者ディーター,人狼,鳩くれ鳩～ｗｗｗおやすみﾉｼ
プロローグ,シスターフリーデル,人狼,個人戦は…時間帯ずれるのでしたら反対しません。
プロローグ,負傷兵シモン,村人,オットー>>85わしとオットーみたいに、何時でもええ人がもう少しおったら、トーマスさんの意見を尊重したい。ってそんなん当たり前か？（笑）とりあえずこれだけ言い残して、わしはもう寝ますわ！お休み！
プロローグ,負傷兵シモン,村人,＞＞ニコチン　いま寝る前にざっと読み返してたんやけど……すまんニコチン！！なんかいろいろとふられてたのに、わし、トーマスさんのことで頭がいっぱいでなんも返せんかった！マジですんまへん！ネタふられたのにスルーするなんて……わしは漢失格やあああ！！orz
プロローグ,司書クララ,村人,票先の明言は、個人戦場合も必要。特に中盤以降はばらけると危ういですし、説得のためにも必要最低限ですね。あとは、まとめ役に全権を任せる形でなく、調整として動いてもらうまとめ役を作ると、ある程度は対処が出来そうなようです。【個人戦だから何をやっても許されるわけじゃない】【個人個人向き合う分言葉には注意を】のふたつが大事そうです。>>90意見は、同意なんですが･･･朝起きれません。不健康ですから！
プロローグ,行商人アルビン,狂人,おはよう、ちょっと起きてきた。個人戦ですかー？僕は反対ないですよ、とだけ。
プロローグ,司書クララ,村人,なので、まとめ制の場合は出来れば就寝前の時間をうまく調整して決定とするのが、見てる限りでは良さそう。この辺りは、まとめ役都合で最終調整ですね。投票COについては、私含めて、反対意見いくつか見えるので、よほどの情熱的な説得が出ない限りは使わない方向が良いかと。これも最終的にはまとめ役判断で。
プロローグ,司書クララ,村人,>>91シモン可愛い。
プロローグ,行商人アルビン,狂人,個人戦といっても、各陣営が勝利のために動くってことは前提なんすよね？良く解んないですが。あ、また寝る。
プロローグ,シスターフリーデル,人狼,ホモは子供産めないから主の教えだと禁止だったような…。でも幼いリーザとかに手を出すよりはいいのかなあ。
プロローグ,パン屋オットー,占い師,律儀なやつだなぁ、シモン…これも芸人の魂がそうさせるのか…。トーマスとの仲、応援してるよ。シモン>>90　あ、うん。「個人戦やりたい」ってわけじゃなくて、あくまで「個人戦でも構わない」レベルだしね。…まぁ個人的に「超好奇心から個人戦やってみたい気もする」んだけど…。クララ>>92　いっそ、朝まで起きてるって言うのはどうだ。逆にさ。
プロローグ,司書クララ,村人,はっ！少し逸れました。大体こんなところですか。明日の参考にでもしてくれれば幸いです。個人戦するかは、全員意見見てが良さげ。食い込むのはあまりよくありませんが、已む無しかと。＠４
プロローグ,司書クララ,村人,>>97ロリコンは地獄に落ちろですね。同意します(笑顔･･･おかしな電波を拾ってしまいました。眠いせいですね。きっと。
プロローグ,司書クララ,村人,あ、100ゲット。少し幸せ気分。･･･内容はアレですが。>>98オットー発想の転換ですね！･･･無理。もう徹夜できるほど若くないのです。ふふふ･･･。
プロローグ,パン屋オットー,占い師,クララはしっかり者だなぁ、色々ありがとう。良いお嫁さんになるタイプだな。俺も、そろそろ戻るよ。明日も店あるからね。夜明け前に少し見に来るかも。あ、一応レギュレーションを。14人村　狼狼狼狂占霊狩村村村村村村楽今回はこれだな。13人村に狂人復活したりとか、色々あったみたいだけど、杞憂だった。
プロローグ,シスターフリーデル,人狼,クララが狼側になりませんように…祈っておきます。
プロローグ,司書クララ,村人,一応、個人戦についての項目を。【http://wolfbbs.jp/%C8%F3%A4%DE%A4%C8%A4%E1%CC%F2%C0%A9.html】もっと詳しい解説などは、個人戦村の議事冒頭などを見てみるのが、やはり一番理解しやすいかと。完全にまとめ役不要でなく、ゆるめ個人戦認識が、いろいろ幸せそう。あくまで陣営勝利のために動くのは大前提。個人で動くのと自由に動くのは別なので注意。
プロローグ,司書クララ,村人,最後に。これだけ個人戦解説頑張ってますが、ただの喉使いきりのためなので気にしないで良いです！（どーんオットー、フリーデルおやすみなさい。他寝てしまった皆さんも、明日からよろしく。＠０
プロローグ,少年ペーター,狩人,寝る寝る詐欺なのだー☆でももう寝るのだー。
プロローグ,木こりトーマス,村人,個人といっても明確なまとめ役がいない、という認識で良いのかな。生存確認完了、おやすみなさい～
プロローグ,少女リーザ,村人,あれ、覗いてみたら個人戦な流れかなっわたしからは特に反対しないーけど、まとめたい人が居たらまとめてもいいんじゃないかなっって感じ！あと、票数まとめないといけない場合とかもあるだろうしっ！「個人戦なんだから、まとめないでよっ」って言う人が居たらちょっと嫌かなって意味だよっ！
プロローグ,パン屋オットー,占い師,おはよう…昨日は夜更かししすぎたな、まだ眠い。あ、朝ごはん置いておくよ、良かったら食べてくれ。つ【クロックムッシュ】【熱いお茶】要するに、まとめ制にするとして、例えば24時本決定、あるいは7時本決定だと、確認できない場合がある…って人がいるわけで、故にいっその事個人戦を勧めてみたんだが。
プロローグ,パン屋オットー,占い師,【各々が「自陣営の勝利」を目指して推理、投票する】【村の展開次第では、票をまとめる必要も出てくる】【まとめに従わない事が個人戦なのではない】ここが最重要かな、っと。例えば、村側が票を合わせないと、狼側の票操作で村人が吊られちゃう状況の時とかね。ちょっと具体的に説明できないんだけど。…「ゆるめの個人戦」ってこういうことだよな？
プロローグ,パン屋オットー,占い師,んで、実際に個人戦をやった場合、・その日の投票先の宣言と占い希望出し（占うかどうかは占い師次第）・占い師は、その日の占い先の宣言これがあると、安心かな…。「吊り先or占い先だけまとめる」ってやり方もできるね。その場合誰が、どうまとめるんだって話になるが。確白の人がいたら、やってもらう感じか…。
プロローグ,パン屋オットー,占い師,まとめなかった場合、村側の票がバラけて、そこに狼票が固まって村人吊り…とかが怖いからまとめるわけだ。でもそれって、本決定を出しても、それがまとまらなかったら意味がないんじゃないかな？なので個人戦をちろっと挙げてみた。…でも「まとまるなら普通にまとめ役制で良い」って意味でもある。結局のところ俺は「どっちになっても良い」ってことだ。
プロローグ,パン屋オットー,占い師,トーマス>>107　その解釈で合ってる…はず…。ど、どうかな？なんていうか、明確な決定がないだけで、それ以外は普通にやるのと変わらない…はず。無理強いするものではないから、「んーやっぱ意見まとめる方が良い」って思ったなら、構わないよ。…まぁ、この辺は、初日議題追加だろうか。俺がもっと早く言い出せば…。なんか色々乱したかも知れない、結果的に。ごめん。
プロローグ,パン屋オットー,占い師,で、今日は、次に顔出せるのは夕方ぐらいになりそうだ。夜明けまで1時間切ったね。みんな、よろしく頼むよ。
プロローグ,旅人ニコラス,村人,おはよ～　ゆるめ個人戦確認。纏めるときは纏める、でOK。ニコチンて僕のことか。いや気にしてない。シモたん>>918時15分て丁度家を出る時間なんだよね…　じゃ今日から皆さんよろしくお願いします。狼さん僕は食べても美味しくないよー
プロローグ,ならず者ディーター,人狼,おはよ。俺ももう家出るから、次顔出しは夜になると思う。緩め個人戦になるなら、票重ね懸念しなきゃならんようになる前に狼吊りあげていこーか。んじゃ、またな。みんなよろしく。
プロローグ,ならず者ディーター,人狼,…ん？票ばらけそうな序盤もヤバいのか？まあいいか。また後でｗｗｗ
1日目,楽天家ゲルト,村人,ふぁーあ……ねむいな……寝てていい？
1日目,行商人アルビン,狂人,おはよーさんです。個人戦がやったことないのであんまり良く解ってなかったりしますが、「非纏め役制」みたいに思えば良いのかな。占い師も自由の行動ー！とかだと、占い先が非統一になっちゃりとか有り得ると思うんだけど、それも良いんだろうか？とりあえず、占い師・霊能力者のCO時期は今日FOを押しときます。単純に、投票COが使えない(自殺票COとかあるみたいですが、狼側の撹乱票で邪魔されるとかもあるみたい)
1日目,木こりトーマス,村人,おはようございます！早めに決めたいのは■１．占霊CO時期ですかね。
1日目,行商人アルビン,狂人,ということも有りますが、狼側数４に対し吊り手が６とあまり余裕がなく、回避枠を削ずりたいということ(でも狩人回避は認めたいので、完全に回避を潰せる訳ではないちゃないのだが)。それから能力者の決め打ちも必要になってきそう(ロラ手に余裕がなさそう)な感じではあるので、対抗が出るならば早期から真偽を見極めていく方が良いんじゃないかな？と思いました。んではしばらく出掛けます、また昼頃に来ます。
1日目,シスターフリーデル,人狼,おはようございます。まだ雨降ってますね。共有者居ないから初日からまとめ役が決まる可能性は少ないのかな？こういう時って、霊能者がまとめ役するのですか？それとも、立候補者を占ってまとめ役ですか？前者だと占い師が出る場合はFOと変らないですね。FOだと能力者が消えてしまいやすいので、あまり好きでないのですが…。投票CO使えるなら三日目COが良いと思います。後者の場合は狂人の立候補の可能性が残るのが嫌か
1日目,シスターフリーデル,人狼,残るのが嫌かも。アルビン、占い先はできるだけ統一したいです。複数占い師が出てくる場合がほとんどなので、違う人占っても情報が確定しないこと多いです。確実に統一占いで進めていくのを望みます。トーマス、投票COとまとめ役の方もお願いします。能力者のCO時期が決まれば、自然にまとめ役とか投票COの件も決まりますね。まとめ役とか投票COの件が決まれば、能力者のCOの時期も決まりますね。
1日目,木こりトーマス,村人,「個人戦」については >>104 >>110 を参照。要するに「ゆるめの個人戦」という認識で。
1日目,行商人アルビン,狂人,ちょこっと覗き。んん？フリーデルは個人戦には反対なん？「纏め役～」とか言ってるけど。プロ見てて、個人戦でいくもんだと思ってたけども。ちなみに私は個人戦やってみたいなぁーと思ってるよ。その方が村側確定の人も思考隠しとかせず、自由に考察出来るんじゃない？とか思ったし。それから「投票CO使えるなら～」って言ってるけど、多分使えへんと思うんだが、フリーデル自身はそこどう考えてるんだろう？
1日目,木こりトーマス,村人,■１：まとめ役（「個人戦」の流れですが意見があれば）■２：占霊CO時期■３：投票CO（無記名かつタイミングの問題点が出ましたが強く推す声があれば）■４：回避CO■５：統一占い/自由占い
1日目,司書クララ,村人,おはよう。無事はじまりましたね。>>126議題感謝です。いろいろは、そちら沿って答えていきます。■１．個人戦場合も、出来ればひとり、進行･調整役がいると、狼に状況を左右されてるかどうかを客観的な視点で判断できそう。よく熱くなりすぎての、村同士の対立も起きやすいですし･･･一歩引いた視点で場をまとめてくれる方がいるのといないのでは、狼探しへのどっしり安定感が違うかと。
1日目,司書クララ,村人,まとめ候補としては、確霊まとめが一番なのですが、私はまとめ役は向き不向きがあるので、非霊回しで出てもらうよりは、自主的に名乗るかを待ちたかったり。そのため、立候補まとめもありかと。個人戦場合は、決定出すわけではないですので、占吊必須とも思いません。ただ、意見の影響大きそうなのも確かなので、アグレッシブな狼が出てくる場合も考えておく、というところですか。多数決確白まとめは、無難。空気。省略です。
1日目,司書クララ,村人,■２．占霊は悩むところですが、3d5COが対応悩ましいこと（手数減っている分、決め打ち必須）投票CO反対なので占にせよ霊にせよ、潜伏時灰襲撃の恐れが消せないことから、初日FOを希望です。同時開始のほうが、狼と狂人での連携を取り難く出来るので望ましく思います。形から狼の作戦が予想しやすく、回避をさせずにすむのも、狼探しの上で考えやすく攻めやすい利点。CO数次第で真占抜かれやすくなりそうなのが悩む点。
1日目,司書クララ,村人,■３．反対します。情熱次第ではありますが･･･説明に非常に喉を費やすでしょうし、それよりは狼を探すのに力を注いでほしいので。■４．初日FO希望ですが、潜伏時は占霊ともにありあり。灰を狭めるのが狼見つけるのに大事。ただ占回避が起きた場合の対抗は、潜伏策なら続行希望。護り場所を増やすのは作戦矛盾なので。霊の場合は確定するか否かが非常に大事なので、即対抗。狩人は占い回避はなし。吊りは回避あり希望です。
1日目,司書クララ,村人,これは狼を退治出来るのは占いじゃなく吊りだからです。襲撃抑制以上に、吊りを村側に当てないのは非常に大事。狼の回避に使われる事もありますが、その抑制に吊られた後、名乗られる展開のほうが危険です。占い回避はなし。どの役職にしても潜伏時の能力者は、占吊候補に挙がらないのが一番ですが。狼探してると良く潜伏臭から間違いますが、私は、あまり気を使う気はありません（どーん
1日目,司書クララ,村人,■５．片占いも灰から広く情報得られるという利点があるので、それほど統一占いにこだわりはないです。統一占いのほうが安定感はありますが。特にまとめ不在の場合はそちらが良いのか、と悩むところ。特別求める気はないです。多数決確白まとめは空気なりがちですし。吊りも有効に使いたいですが、占いもよくわからないところに当てたほうが、後々困らないので、まとめ希望での占いはあまり使いたくないです。立候補場合は、別かな
1日目,司書クララ,村人,自由か統一かは、人によって意見が分かれそうですし、どれが正解ということもないかと。ただ占真贋見極めにおいては、大きな材料になりそうと見てます。ブレが出やすい箇所だと思うので。占に限った話しではありませんが。■６．占い先希望（議題追加）保留！ただ個人戦だからと、初日ゲルト占する占い師は偽決め打ちますのでそのつもりで。＠13
1日目,司書クララ,村人,お昼顔出し。質問少し。★修>>122考えが迷いで見えにくい。全体に意見あわせて紛れたい？と感じるので、自分はこう思う、と伝えてください。戦術はどれが正解なんてないですし。★商>>125こちらも同じく。特に「まとめ役への考え」と「思考隠し」「占い方法」については、すり合わせ希望。★樵>>126議題提出後、自己回答出さずは何故？提出者な分、思考も走りやすいと思うので気になります。＠12
1日目,行商人アルビン,狂人,時間が空いたので覗きに来たけど、予想以上に人が居なくてフイタ。☆書>>134「すり合わせ」ってどういう意味で言ってんのか良く解んないけど、もう少し詳しく説明しろってこと？「思考隠し～」については、白確の決定が絶対じゃない分、彼らの思考が狼側に利用されることが少なくなるんじゃない？ってので自由に発言出来るんじゃない？ってことなんだけど解るかな？「占い方法」については、個人的には自由(非統一)で
1日目,行商人アルビン,狂人,も面白いかなーと思ってる。統一で偽黒出されて吊られたりすると占い勿体ないしね。といっても後々補完占いとかで偽黒出されたりとかされるとあんま意味ないのかな、これ。まぁもうちょい考えてみる。んー、もうちょい他の人の意見聞いてからーとか思ったけど、僕も今離れると帰ってくるの遅くなりそうだし出ちゃいますよ？プロ見てても投票COに懐疑的な人も多いし、私もこの国で投票CO使うの微妙と思うので。【占師CO】
1日目,シスターフリーデル,人狼,アルビン>>125、私は個人戦は反対ではありません。占い先が統一されないのが嫌なだけです。投票COは強硬な反対者がいたのですか？クララ>>134、自分は霊能者初日、三日目に占いが投票COが最適だと考えます。投票COが無理なら初日に霊COで確定したらまとめ役してもらい、占い師は三日目まで潜伏かなあ。初日にFOよりは好きです。
1日目,司書クララ,村人,商>>135「すり合わせ」は、お互いに思考取りあいたいという意味。考えすれ違いそうに感じたし。「思考隠し」は私はまとめ役＝調整面を高く見てるので、自由によりフラットに、を期待したいの。白確のミスリードはよく狼に利用されるのを見るし。「占い方法」は了解。第一声からの違和感解消。浮かれ具合が村っぽくなかったけど占なら納得。真偽はひとまず一巡待ち。【非占CO】＠11
1日目,行商人アルビン,狂人,独断っぽく出てきて申し訳ないんだけど、吊り手が少ない分早い内から情報を出して整理していった方が良いだろうってのが僕の考えです。あと占潜伏でも騙りの方は平気で１ｄ２ｄに占ブラフ打ってくるし、それが真偽に結びつけられることもあるので結構嫌だったり。それから自由占いを含めた個人戦をするのであれば、占潜伏って無理があるように思いますし(ここは村側確定の人が決定を取ってとか、多数決とかでの統一押したい
1日目,シスターフリーデル,人狼,【フリーデルは占い師です。】神の声が聴けますので。狼見つけられます。三日目まで潜伏しときたかったなあ。
1日目,シスターフリーデル,人狼,■１：まとめ役 霊能者が出て確定が一番良いです。霊能者確定しない場合は、まとめ役立候補で占い必須かなあ。■２：占霊CO時期　FOしかないですね…。占いも霊能者も第一声で。■３：反対がなぜかあるようなので、実現は難しいので諦めます。■４：回避CO　初日に占霊出そうなので回避は不要なのでは？
1日目,行商人アルビン,狂人,人が居たりしたらごめんですが。)司>>138んーあーなるほど。ただ僕的には白確定が凄まじい勢いで村を滅ぼすことも経験してきてるので、そういう影響が少なそう(言い方は悪いですが)という点でも個人戦に賛成だったり。勿論、白確定の人の意見がしっかりしたものであれば灰はそれを参考にしていけば良いと思うのですよ。修>>137、いや、だから無記名投票なんだけど、どうやって投票COするの？って話なんですが？
1日目,少年ペーター,狩人,みんなおはよー。。。さむい。■１：まとめ役（「個人戦」の流れですが意見があれば）個人戦なら多数決→確定白が出た時点でまとめ、がいいです。安定しすぎて他の手を取る気がしません。初日に多数決して狼側サイドに操作される可能性は少ないでしょうし、その後確定白が誕生しない（≒斑）としたらそれはそれで美味しいので、安定してると思うのです。
1日目,シスターフリーデル,人狼,■５：統一占いでないと確定情報が増えないので、自由占いは反対します。交互に占ったり、好きに占ってると片白とか片黒が増えていくだけで、終盤に困ることになります。深夜まで教会にいますので集会所には戻れないです。
1日目,少年ペーター,狩人,って、もうFO始まってるの？占いだけ？良く分からないのでとりあえず【非占CO】
1日目,少年ペーター,狩人,■２：占霊CO時期でも、斑が誕生しても、斑吊り実は白で能力者抜かれたとか何やらされると美味しくないことがあります。吊り消費意外と痛い。ということで初日FOってのはどうかと思うのですね。抜かれやすくなっちゃうから。でも３日目以降にCOするのは能力者全ロラという最終手段が取れなくなるので却下。
1日目,行商人アルビン,狂人,おう、【フリーデルの占CO】確認した。今忙しいので、また夜に。
1日目,少年ペーター,狩人,狼３狂１の１４人村って最終的に３人で殴りあえれば良いんじゃないの、むしろ出来なかったら悪いんじゃないの、ってのが僕の考えれす。初日FOで仕方ないですかね。なんかもうそれ以外浮かびませんでした。っていうかもうFOの雰囲気。■３：投票CO（無記名かつタイミングの問題点が出ましたが強く推す声があれば）ない。狼側で操作しやすい投票COは使ってもデメリットの方が大きいと思います。
1日目,少年ペーター,狩人,■４：回避CO占い霊はまあFO希望なので割愛、狩人は臨機応変に。シチュエーションによりけりすぎて何も言えないです。■５：統一占い/自由占い統一占いの方が村側が勝ちやすいと思います。むしろ自由占いは騙った狼側の人が村側を操作しやすいですから、自由占い嫌いです。統一占いがいいですね。■６．●ゲルト
1日目,シスターフリーデル,人狼,アルビン>>142占い師は自分に投票とか、それができないなら、占い師はABC順で自分に一番近い次の名前の人に投票とか、やり方はあるのでは？(例:フリーデルはFなのでGのゲルトに投票は無理ですね。HとIはいないから、Jのヨアヒムに投票とか。
1日目,司書クララ,村人,【占２CO確認】ほむ･･･。修>>137了解。出来ればならないケース。占初日の場合の考えも提示ほしい。優先度高くなかったけど、急に上がったし。>>122狂立候補まとめ嫌って見解が、狼だと言わない発言に思って白見てたんだけどね。狂人がまとめ立候補とか、下手すると占確定だし、狂人に本気にされて立候補されたら狼嫌がりそうだもの。狂本人のサイン可能性はあるかな。ほぼ村で取ってたから、意外。まぁ一巡待ち。
1日目,少女リーザ,村人,んー、【非占ＣＯ】【非霊ＣＯ】置いとくねっ。別に霊能者さんに必ず今日出て来いーとは思ってないよ。でも、「霊潜伏する」＝「必ず真決め打たれる自信がある」と私は解釈する…、というより、そうじゃないなら「今出ておいで？」って思ってる。このニュアンスが伝わるとうれしいなっ。占い師候補は占われた後に出てきても狂人だろー！とか私思っちゃうので、さすがに「ＣＯ/非ＣＯ」をまわしきった方がいいと思うよっ！
1日目,シスターフリーデル,人狼,いちおう【フリーデルは霊能者ではありません。】クララ　初日にFOだと食べられる可能性多いので嫌だったのです。初日COの話題は触れたくなかったかなあ。潜伏しとけば、狼は私のことを残しておけば終盤にSGに使える村人くらいに考えて放置してくれる可能性高そうだったので。
1日目,少年ペーター,狩人,非霊CO回し始めてよさそう。【非霊】★リーザかわいいから食べちゃう。嘘。えっと、占い師候補が占われた後に出てきて狂人だと思うけど、霊能者候補が占われた後に出てきても狂人と思わない、その違いを教えてほしいです。要は、なんで占い師のCOは後だと偽視する、って言っているのに、霊能者のCOは偽視しないか、ということです。
1日目,少女リーザ,村人,投票ＣＯもどきは、狼がＣＯする予定で襲撃する真候補に投票すれば以下略っ！ちょと怖い。あと、クララさんは出来る人だと思うので少しお願いをしちゃう。アンカーの前には誰に対してのアンカーなのかわかるように名前付けてくれると読みやすそうって所と、「村で取るとか」「白見てるとか」文字数の都合なんだろうけど、万人に意味が伝わる言葉だとは私思わないので文字数に余裕ある時は普通に書いてほしいなって思ったっ！
1日目,少女リーザ,村人,ペーター>>154白確定占い師候補だと狂人だと思いながらも真の可能性切り捨て辛いから牽制なのが１つ。２つめに、「霊能者候補が占われた後に出てきても狂人だと思わない」なんて私は言ってないよね？んー、簡単に言うとそもそも占いを１手無駄にする霊能者に対抗が出たら残念な人扱いするので「真決め打たれたい行動」とは思わない。占い師候補は人間確定すると護衛率あがるとか考える人だったらだるるるるとか略っ！
1日目,司書クララ,村人,保留する意味も薄いか。連携崩せたらだし。【非霊CO】妙>>155ほとんど文字数余裕ないよ！とか言いたくなったけど、伝わりにくい？大体見たままの意味だよ。気をつけるようにはするよ。妙>>152ニュアンスはなんとなく。回すと意味ない気もするけど、まぁいいや。そろそろ時間なのでまた夜に。@9
1日目,負傷兵シモン,村人,たっだいまー！！いやーみなさんおそろいで……って、なんやなんや、えろう不穏な空気流れとるやんけっ！？よ、よっしゃ、とりあえずこれだけ宣言しといた方がよさそうやな……【わしに占いなんかできるかー！】【ゆ、幽霊なんて見たこともないわ！】ええと、まずじっくりログ見てくるわ。
1日目,少女リーザ,村人,ＣＯが回り始めた後に議題にびしっと答えたら、村に溶け込みたい狼だっ！という理解し難い黒要素あげを見た事あるので主張したい部分だけっ。■４、回避ＣＯについて霊は回避。狩人は無駄吊り無駄占いどっちも手数厳しいし嫌なので、吊り占い両方で回避ＣＯしてほしいって私は思うんだけど、「初回襲撃前に占い師３、霊能者１」の場合は襲撃を挟むまでの間は回避させない方がいいかなって。あと斑が狩人ならＣＯ希望ねっ！
1日目,少女リーザ,村人,■５：統一占い/自由占い寡黙さんが居ないなら自由占いでも楽しいそーって思った！占い師候補がどうしてその人を占ったのかって理由とか、色々な面から真贋考えやすくなるかなって思うのも含め。考えやすさ、寡黙気味な人が居る場合は統一占いの方がいいと思ってるよっ。普通に手数厳しめの編成なので、灰を１つでも減らそう、減ったらいいなって感じ。クララ>>157＞それでも潜る気ある霊なら非霊ＣＯすると思うっ！
1日目,少女リーザ,村人,んー、わりとさくっと出てきたアルビンさんと頑な（って程でもないけど言いたかっただけ）に投票ＣＯがいいって反応をしてたフリーデルさんか。ここ真狂にしか見えないけど、３ＣＯ目あるのかな？感覚的にはアルビン狂のフリーデル真。フリーデル>>153の潜伏完遂を真面目に考えたっぽい発言は真っぽい。アルビンさんは>>119とか、「どう動こうっかなー！」って感じの狂人っぽく感じた。言いがかり感満載っ。
1日目,負傷兵シモン,村人,（とりあえずネタやっとる場合やなさそうやな……）■１．正直に言うと、わしは「個人戦」なんてやったことない！けど、せやからこそ好奇心はバリバリある！ただ、わしは実践から学んだものが一切ナッシングやさかい、いま学んできて思うたことを言ってみる。変やったら教えてほしい。Q吊りと占いのバッティングを避けるため、誰を占うか、誰を吊るか、のどっちかは確定させといた方がええんとちゃうやろか？
1日目,パン屋オットー,占い師,こんにちは、少し早く戻れたよ。とりあえずこれだけ。【商修の占いCO確認】【対抗する、俺が占い師だ】リーザ>>159　少なくとも俺はそんなこと思わないから、「この議題、これ提案しようかなって思ってた」って感じで教えてほしいけどなー。ま、できれば。★ヨア＆リナ＞昨日の0時以降～朝まで姿が見えなかったので、一応聞いておく。軽く個人戦な流れだけど、平気？
1日目,負傷兵シモン,村人,■３．もう決まってるっぽいさかい、スルーすんでー。■４．狩人の回避はなんか作戦があるんやったらせんでもええと思うけど、考えなしに回避せーへんのは勘弁やなあ。とりあえず、わしやったら中盤/終盤での占吊は状況次第。序盤で占われそうなときは、回避せーへん。序盤で吊やったら、うわああと思いつつ回避する。ってところやろか。まあいちばんええのは占吊対象にならんことやからな。できる限りそうならんように頼むで！
1日目,パン屋オットー,占い師,さてと、議題回答。■1.霊確定すれば霊能者に、しないようなら確白の人がいれば、お願いしたい。まとめとは言っても、みんなの意見を見比べて決定を打ち出すわけではないので、気軽にやってもらえれば、と思う。■2.俺は霊潜伏ありだと思ってたが…まぁ霊CO非CO回り始めてるし、回し切って良いか。■3.ま、やんなくて良いだろう。■4.今日FOなら狩人だけかな？吊り回避は状況次第で頼む。
1日目,パン屋オットー,占い師,■5.俺は、折角の個人戦なら…ということで自由占いはあり。対抗からのラインも見れる…かな。とは言えデメリットも充分に分かるので、統一占いでも構わない。ただ、確白が出来なかった場合「どうまとめるのか？」という素朴な疑問が。んー、まぁ、今日辺りは占い先、多数決でも良いんじゃないか！ガチンコでもネタは忘れない。と言うことで、おやつ置いておく。つ【ドーナツ】【スコーン】【紅茶】
1日目,負傷兵シモン,村人,■５．統一の場合。初っ端の占いで、狂→黒、狼→白、真→白と占って、「黒白白」となれば、狼は狂との連携+真の発見、狩人は真占を守るのが難しくなるっちゅうことが発生して、村はかなーりピンチになると思うねんけど。確率的にも「黒黒白」より、「黒白白」の方が出やすいやろうし。
1日目,行商人アルビン,狂人,鳩ぽ。【オットーさんの占CO】確認。妙〉161 うーん、個人戦でどうすれば良いんだろう？と迷ってた部分はあるんだけど、それとは別の部分なのかな？狂っぽいての。あと、僕とフリが狼じゃないと考えてたようだけど、その根拠ある？それと占3COって普通にあり得ると思うんだけど、2COにしたくての牽制だったりするのかな？今のところだけど、僕視点ではフリ狼、オト狂印象。具体的にはまた夜に。
1日目,負傷兵シモン,村人,オットー>>166ど、ドーナツやて！？ドーナツやとおぉぉ！？銃声がバリバリ響くなかで、いったいなんべん彼女の姿を思い浮かべたことか！！うっ、うっ、あ、あかん、ち、違うで、これは涙とはちゃう、漢の結晶やからな……！おいおいおい！！
1日目,負傷兵シモン,村人,うっ、うっ、うっ、……（紅茶をすする）しょ、しょっぱ！しょっぱいわこの紅茶！砂糖と塩間違えたんか！？……いや、けどいまどきそんな間違いせーへんやろ……ひょっとして、わざとか？わざとやったんかオットー？（机を叩く）おい、どーなんや！そんなにわしが嫌いか！？キモイ包帯ぐるぐる野郎！さっきから漢、漢、漢、うっさいねんとか思ってたんか！？ええ！？どないやねん！なんか言うてみい！！
1日目,青年ヨアヒム,村人,やほー。とりあえず目についたとこから【占い師じゃないよー】☆屋>>163　おけおけ、もーまんたい。まあ、仮にまとめが必要そうな場面になったらそのときはそのときで。ただ、回避とか考えると、各々投票先は明言した方が良いかなーとは思う。
1日目,パン屋オットー,占い師,あー、今日の夜いられないから、今のうちに意見交わしたいんだが。人がんまりいないな。あ、あと昨日のプロ、ヤコブも夜いなかったんだ。Jr.がいたから何故か見てる印象だった。★ヤコ＞個人戦な流れだけど、良いかな？うーん…話題が…とりあえずパッションで修狂商狼…かな…と思っている。シモン>>170　な、泣くなって。紅茶に涙ドバドバ入ってるよ！ほら、砂糖入れろ！！誰もキライなんて、そんなこと言ってねー
1日目,パン屋オットー,占い師,ねーよ！…微妙なとこで発言切れた。★シモン>>167　…なので、自由占い推奨。って解釈で良いのかな。自由占いだと、片白片黒ばっかり増えたり、その交互占いでもたもたしたり、って言うのがあると思うけど、その辺どう思う？
1日目,青年ヨアヒム,村人,あ、霊も回ってんのね。【霊能者でもないよー】んー３−１だと個人的には統一の方が確定情報増えるから好みだったりするんだけど、まあその辺は占い師ズ＆霊能者に任せる。３−２なら問答無用で自由占い、占い先明言で狩人は占い回避アリアリ。
1日目,負傷兵シモン,村人,>>172な、涙のせいやって……？そ、そうか、あ、はは、ははは、い、いやあ、疑ってすんまへんなあ、オットー！この通りや！ちぃと暴力に慣れてしもうたせいで、すぐに熱うなってまうねん！……けどなあ。わしは、自分（関西弁でyouの意味やで？）を真やとは思うとらんで！（キラーン
1日目,少女リーザ,村人,あら…、オットーさんが占い師ＣＯね。残り人数から考えて真狂狼の内訳で考えてよさそーかなっ。３ＣＯなら統一占いを強く希望ねっ！オットー>>163＞いつも始まってから考えるから、言った事以外は議題回答関連は現状考えてないよっ。でも、「必要かな」って思った事があれば随時言うつもりはあるって感じでっ！シモン>>162のバッティング避ける為～って発言は、好奇心→実践無しの流れから見てすっごく白いっ！
1日目,少女リーザ,村人,アルビン>>165＞>>136の占い師ＣＯまでの発言の流れが、プロローグとか投票ＣＯ懐疑的とか理由をあげて自然っぽく出ようって感じがしたっ。帰ってくるの遅くなるなら、それだけで出る理由になると思うのにプロ見てても～とか、投票ＣＯとか理由を付けるのは体裁繕ってるっぽい、でも出なきゃいけない立場っぽい。→狂人っぽって事ねっ。アルビンさんがオットーさんを狂人って思った理由は何なんだろっ？ＣＯ順番？
1日目,負傷兵シモン,村人,オットー>>173えろう遅れてすんまへん。よう考えてみたんやけど、どうもわし、見落としてたっぽいな。初っ端に占狂が黒を出すと決めとったら、自由やっても、狂と狼の連携+狩人GJの難易度高の可能性は免れへん……そのことを忘れとったみたいやわ。てっきり自由にしたらそれを《絶対に》防げると思うてもうた。アホやなわしは。アホの中のアホや。この村において絶対なんか《絶対に》ないのにな！！（あれ？
1日目,負傷兵シモン,村人,わしが自由にしたかったのは、そうしたら狂と狼との連携を《絶対に》防げると思うたからやねん（あと自由にもちぃと好奇心が沸いたってのもあるけど）……っちゅーわけで、それが崩れたいま、わしが自由を推薦する理由もなくなった。/……はははっ。た、頼むわ！誰でもええからこのアホなわしを笑うてくれ！！うわあああん
1日目,パン屋オットー,占い師,リーザ>>176　ん、把握。何かあればバンバン言ってくれ。シモン>>178>>179　いや、笑わないよ。っていうか、俺もそこまで深く考えてツッコんだわけじゃあ無いんだｗｗｗ　回答ありがとうな。あと「好奇心で自由占い推し」って全然アリだと思うよ。
1日目,司書クララ,村人,ばんわ。【屋占CO確認】☆シモ>>162まず、占先、吊先を、それぞれが明言しておけば、説得なんかで対象先変化あったとしても、被ることはないと思うよ。吊り候補占うとかほぼ騙りでしょ、それ。あと>>170冷静さ失う＝死亡フラグ？ｗ　落ち着けｗリザ>>160さすがにそれは無しでしょ。コロスぞ？(笑顔）レベルｗ★妙>>152第一声出た思考流れ聞かせて。突然さと、霊CO流れ決めた印象が気にかかり＠8
1日目,木こりトーマス,村人,☆クララ、申し訳ない＞＜クララの意見が出終わるまで待とうと思ってたら寝オチしてしまいました。。。気づいたらこんなに進んでて後悔しています。【占えません】【霊みえません】とりいそぎ。。。
1日目,木こりトーマス,村人,■１．まとめ役はこの流れなら霊確定しそうなのでそちらがよろしいかと。■２．占霊CO時期は初日FO派です。村に確定情報を増やしたいのとCO合戦が判断材料になるからです。■３．投票COはなさそうですね。
1日目,木こりトーマス,村人,■４．回避COは狩のみ反対します。■５．統一占い/自由占いは一長一短で難しいですが、少しでも灰が狭まるかなと言う理由で自由に一票。■６．占い先希望はもう少し待ってください。
1日目,少女リーザ,村人,クララ>>181＞短期だとふつーに見るけどっ。考え無しに非霊ＣＯする勇者真霊は知らないよさすがにっ。思考流れねー、ぷち個人戦流れっぽかったし↑の回答あわせたらクララさんなら疑問点特に無さそうと思うけど違う？占ＣＯも霊ＣＯも残り：羊農旅者かぁ。ちゃんと皆来れるといいねっ。ヨアヒムさんが議題回答の２発言だけでどこか行っちゃった？のが少し気になり。出来る系の人には問答無用で～って所から見えるっ。
1日目,パン屋オットー,占い師,クララ、トーマス、おかえり。★トーマス>>184　■4.狩のみ反対って、主語は何だ？吊り回避反対？占い回避反対？答えるの、何かのついでで良いよ。@13
1日目,木こりトーマス,村人,☆オットー喉まだあるので平気。占いも吊りも狩は回避しないで欲しいという意味です。
1日目,司書クララ,村人,★商>>168占3COなるかもって予測もってた？３COなったからの修狼屋狂予想なのかどうか、思考流れ聞きたい。★修>>123自由占いで黒引きたいとか思わなかった？>>122狂まとめどれくらいありえる予想？>>141立候補占い必須は何故？あと、FOしかない、って>>122FOで能力者襲撃不安と矛盾気味。素直な考え聞かせてほしい。★屋>>163リザへの意見ちょい意図とれず。思考追えそうだしって思わ
1日目,司書クララ,村人,なかったの？補足希望。>>165狩人吊り回避の状況次第もどういう想定まで見てる？最後>>168確白出なければって･･･占3COなんだけど、霊確定しないって見てるの？その上で統一で明日確白出ないって･･･黒出し占吊りでFAじゃない？★兵>>178>>179シモンは、オトを真狂狼、どれだと思ってる？いまひとつ考えとれないんだけど。妙>>185それで理解しちゃうとメタちっくになる気が･･･。＠6
1日目,負傷兵シモン,村人,>>180お、オットー!…………そのパンくれ（ぇ>>181なるほど！吊も占も両方とも明言すんねんな。確かにそれやと吊り候補占う輩は出てこーへんわな（笑）おおきに、クララ！冷静さを失うと死亡フラグか……。o○（なんですって！？この中に狼がいる！？はっ！ならわたしは自分の部屋に戻りますわよ！狼がいるかもしれないところにいるより、ひとりで鍵をかけて閉じこもってる方がずっと安全ですもの！！）
1日目,少女リーザ,村人,そういえば、★占い師候補の３人は何時まで占い先変更の対応可能なんだろっ？うーん…、オットーさんが真占なら>>186ってあまり灰の人に触れたい話題だとは思わないんだよねっ。偽なら狼の要素っ？と話をクララさんに投げておこうっ。トーマスさんも人間っぽいかなー、トーマス>>187の回答とか突っ込まれそうなポイントに見えるしちょっと迂闊に見えたっ。クララ>>189＞む、む、そうかな？重要なら纏める。
1日目,木こりトーマス,村人,挽回がんばる。★フリーデル占対抗するまで少し時間がかかったみたいですが理由を聞かせて欲しいです。
1日目,パン屋オットー,占い師,☆クララ>>188　質問ありがと。>>163は特に深い意味はない。議題回答あれば聞いてみたかっただけ、「答えない」なんて言われると思考隠しかと思ったから。でも「考えてない」についてはリザの印象から、素直に「あ、そうなんだ」って納得した。狩人の状況は、例えば序盤ならブラフ残しでCOせず吊られてもありだし、真が吊り回避なら襲撃確定だけど、村側吊るよりマシ。襲撃なかったら偽者、次の日吊り。そんぐらい。
1日目,司書クララ,村人,☆リザ>>191＞屋狼予想高めだね。というか昼に商真修狂で霊2COかな、って予想してたの抜けてないわ。あと>>168がねー。村騙りいて占撤回あるんじゃ、って不安から騙り出た狼の視点漏れっぽいのよね。想定謎すぎるもん。>>186トマ質問を、狩探りとは見てないけど。露骨すぎでしょ、さすがにｗ>>185回答は、理解しちゃダメそうだけど理解しちゃえててるから、ぶっちゃけた考えでいいよ。トマ白さは同意
1日目,パン屋オットー,占い師,>>168…166だよね。えっ、5COならないって言い切れるのか？占3COから霊確すると思ってないのは俺の経験値不足かも。統一で確白が出なかったら▼黒出し占は分かるんだが、その「統一」をどうやって統一するんだ？ってこと。ずっと多数決で占っていくのか？☆リーザ>>190　俺は基本的に、朝7時とかでも変更可能。よっぽどのアクシデントがなければ。
1日目,少女リーザ,村人,クララ>>194＞うん、露骨過ぎって意見もわかるけど、真占なら意識して避けるだろーなーって私は思ったのっ。狩探しじゃなくて、狩探しになるかもと思って真なら気遣うだろう！って思ったって事かも。ぶっちゃけは、えーと。霊が０ＣＯなら真霊は必ず潜伏してる。襲撃前に１ＣＯあってから対抗→２ＣＯなら、まあローラーでいいんじゃ？みたいな。あとは、私の霊ＣＯで「潜伏幅が狭まった！」と感じる人なら出ておいで系。
1日目,司書クララ,村人,屋>>193　上は了解。下は、占として、自分襲撃後の話が出ると思ってたんだけど。まぁ、了解。☆>>195　私が何時ならないって話をしたｗ　初日5COで翌日パンダとか、まとめいらないって話。やること決まってるのにって疑問。統一って、もし明日オトの言う想定状況なってれば、自由占いでいいよ。灰殴り合いだもの。妙>>196上は、なるほど。　下は、考え取れた、感謝。ちょい残り灰も見たいので、喉控える
1日目,パン屋オットー,占い師,シモン>>190　まだダメ。あとその死亡フラグは「朝起きたらまだ生きてて、部屋の鍵を外すと自分以外が全員死んでた」フラグ。クララ>>197　ああ…自分襲撃後の話ね。正直言うと考えてなかった。5COについてはごめん、ちょっと頭回ってなかったｗ5COで占い先まとめで確白出なかったらどうすんの！！永遠に多数決！？お断りですわ！…って思ってた。そうだね、そうなったら流石にまとめいらないねｗｗ
1日目,少女リーザ,村人,>>196下段は「私の非霊ＣＯ」だね。霊ＣＯ？って思う人居たら悪いので補足っ。シモンさんは白いかなって思ってたんだけど…増えた発言が微妙感っ。>>162の上段、ネタやってる場合じゃ～って所と、オットーさんに対して反応してるネタ発言が正直良くわからなかったりっ。オットー>>166のガチでもネタは忘れない。に反応したにしても、ちょっと極端過ぎかな？って思ったよっ。
1日目,行商人アルビン,狂人,ごめん夜遅くまで忙しくなりそう汗。ちなみに朝の７時頃に起きて更新後までも居られるので、統一するのであれば私は対応出来ますし、判定発表も即出来ますよ、とだけ。カタリナさん・ヤコブさん・ディーターさんはまだですかね？まぁそこら辺の発言も待ちつつ…、またしばらく後に～。
1日目,パン屋オットー,占い師,灰雑感、今来てる人の分だけ。妙：思考開示や早めの非霊CO、多弁多ければ自由占い提案…まぁ多弁占うとは言ってないんだが、リーザ自体が多弁。占いも吊りにも物怖じしてない感じで、白印象。司：何気に敬語無くなってるｗｗですますが字数きついの分かるよ。質問多めなのは有難い。積極的だな。姿勢から白いか黒いかって言われると分からん。狼なら発言からボロ出さなそうなので、占うのはあり、でも今日じゃなくても良い。
1日目,パン屋オットー,占い師,兵：俺が言ってもどうしようもないんだけど、リーザ>>199のツッコミは、みんな真面目に議題答えてるから自分も真面目にやんなきゃと思っていたが、俺がおやつネタ振ったから、あーネタやってる人いるんだ、と安心して食いついてきたんじゃあ…ってことでそこの落差は別に気にならない。俺もネタ好きだから。でも白いかって言われると、>>178の回答がやや過剰反応に見えて微妙。いっぱい考えてくれたんだろなーってのは
1日目,パン屋オットー,占い師,分かるんだけど、ごめん。印象灰、占ってみても良い。樵年青は発言増えるの待ってる。まだ来てない人は来るの待ってる。んで俺、今日は21時以降ちょっといられない…21時半ぐらいまでは鳩飛ばせる。それ以降は深夜に鳩で見に来るよ、早くて1時ぐらいだけど。占い先まとめる場合は、決定時間それ以降でも、朝確認できるので平気だよ。@7
1日目,パン屋オットー,占い師,んで申し訳ないが、暫定【●兵】で提出…まとめるor多数決なら。自由占いになった場合、若しくは本決定が朝方なら、後で議事録読み返して、変えるかも知れない。どっちにしろ、更新前に占い先とセットの宣言はする。質問とかあったら明日答えることになると思う、ごめん。
1日目,負傷兵シモン,村人,クララ>>189すんまへんクララ、正直言うと、わしはオトがなんとなく真やないと思うただけで、それを確証付けるような推理はないんや。ただなんとなく「オト＝狂or狼？」と思うただけでな。ただの勘でごめん。オットー>>198物語が……物語が、崩壊してゆく……！リザ>>199ひとりでごちゃごちゃ言ってた件についてはマジですんまへん！わしも（村人として）すげえ後悔してますorz弁解として、
1日目,負傷兵シモン,村人,もしもわしが狼なら『すぐに占わなくてもいずれは勝手にボロを出す』んとちゃうか？こんな性質やし。わしとして、自分はただの村人やさかい、ここで占を１つ無駄にすんのは嫌やねん。けど疑われるようなアホしでかしたんは自分でもようわかっとる。せやから妥協案を出してみたい。わしを占うのは明日にしてくれへんやろか？そうすれば、明日までにわしは信頼をなんとかして取り戻そうと思う。どやろ？
1日目,木こりトーマス,村人,クララとリーザ：発言は村に利するところを掘り下げてると思うので白印象。シモン：どちらかというと弁明より灰考察して欲しいので占いありかなと思ってる。うん、人のことは言えなくてすいません。
1日目,木こりトーマス,村人,3COになったことで統一占いの方向ですかね。占COの方々もそういう意志みたいですし。
1日目,木こりトーマス,村人,占考察アルビンはCOまでの流れが自然に感じた、真印象。フリーデルは様子見感かつ占COなのに非霊COに違和感。オットーは質問の比重が灰探り少なめに思えた、統一どう運用するのか気になるのはわかりますが。
1日目,旅人ニコラス,村人,んー一杯引っ掛けてきたせいでログ読んでもいまいちピンとこない…　こんばんわ皆さん。占い回避して欲しい人はシモンたん？シモンたんは怪しいにおいがする…（くんくん）占い師が3人か…フリーデルたんがなんとなくあやしい。酔っ払いの直感は何の役にも立たないと思うけど。ちょっとアルコール抜けるまで外の空気に当ってくる。ログももう一回読むね。
1日目,負傷兵シモン,村人,占考察尼→投票COを強く推しとるのに、アルビンとクララの反対を受けただけで諦めとる。これ以上目立ちとうないっちゅう狼っぽい。商→特に変やと思うところはなかった。屋→あんなに喋ってもちぃともボロを出しそうにあらへん。気配すらあらへん。それは真ゆえか？わしは、狂ゆえに、本物以上に本物を装うとしとるっちゅう印象を受ける。
1日目,少年ペーター,狩人,|<ただーまーなんか初日はパッションが主になるよなーとか思ってたらみんな初日から全開なんだね。もう驚いて僕も頑張って考察打たないといけないかなーとか思った。から灰雑感出すねー。
1日目,少年ペーター,狩人,[羊農者]…早く帰ってきてー。～占～[商]…>>119で占い師についての発言してるね。素のように感じる。もし狼サイドとしたら狼より狂人、と言う発言に見える。最初からどちらを騙るかを決定しているような。>>119→>>135の流れが良く分からない。>>119の発言的には統一占いの方が統一出来るから良いと言ってるのに>>135ではそう思っている感じがさっぱりしない。気になります。投票COどうやるの
1日目,少年ペーター,狩人,？ってリデルさんに聞いてて返事してるのに返事してない。うーん。まあちょっとだけ気になるくらい？どうだろ。結構返事気にならないかな。[リデル]…まだ発言が少ないけど、３日目CO希望→潜伏したかったの思考の流れ？は変じゃないと思う。投票COの意見的に自分の考えを貫くタイプかな、とメモしとく。[オットー]…うん。書くことが無い。発言数の割に書くことが無い…。どうすべ。
1日目,負傷兵シモン,村人,年→>>145アンケートの間に非CO宣言しとる辺り、村人っぽい。それよりも前にいてささやいてたら、そんなことにはならんと思う。妙→>>162からわしを白と推理。せやけど、そう推理した>>176以前にわしは（自分の言う）タイミングが変なギャグ（泣）をしとる（>>162）。せやのに、>>199で>>162をぶり返し、わしを疑った。最初こそ完全に潜伏するためにもっともらしい理由でわしを白と言うたものの
1日目,少年ペーター,狩人,～霊～どこー。～灰～[クララ]…質問飛ばしてるし、デキる女の人感。白っぽ。
1日目,少年ペーター,狩人,[りーざ]…こっちも質問飛ばしてるけど、クララよりは灰っぽいかな。パッションなので気にしないでね。>>152言いたいことは分かるけど分かりにくい感じを受けた。けど>>156で納得。占いと霊能者の違いが分かった。そのクララより灰っぽいってのが早い白黒判断発言をおおっぴらに言うことだけ気になったところなんだけど、今改めて考えたら白要素な気がしてきた。どうだろ、
1日目,少年ペーター,狩人,[トマ]…>>209の占い考察リデルのところが白っぽい。素っぽい。>>184の占い発言とか。[兵]…なんか慌てすぎじゃね？>>211の占い考察もなんかもうちょっと頑張ってほしいです☆僕が言うなですね。ごめんなさい。[青旅]…いわゆる発言待ちなにやら
1日目,少年ペーター,狩人,なんか話す人多いしなんかカオスだし考察出そうとするだけで寒いよ疲れたよぱとｒｙまた後でねー＠７
1日目,負傷兵シモン,村人,（続き）今度はわしが変な発言をしたとたん、わざわざさっきはスルーしたはずの>>162を持ってきてわしを疑い、信用と占回避を得た狼に見えるでぇ！>>218えろうすんまへん、少年……不甲斐ねえシモンでさあ！自己嫌悪やでほんまorz＠５しばらく離籍させてもらうでー
1日目,ならず者ディーター,人狼,悪い遅くなった！ざっと確認【商尼屋の占CO確認】【俺は占いも霊視も無理】じゃ、議事録読んでくる！
1日目,羊飼いカタリナ,霊能者,・・・おはようございます・・・【私が霊能力者です】議事読まないと・・・ですね・・・
1日目,少女リーザ,村人,シモンさんは落ち着こう色々とっ！といいつつ、このシモンさんの反応と妄想乙っぽいところは凄く人間っぽいかなとは思ったっ。狼っぽい気がするオットーさんの反応>>202、>>203辺りも含めて、今日は放置でよさそ。でも、シモンさんが村人だとしたら「村人だ」と力説する事はあまり良くないと思うよっ。ここは反応しなくておっけ。あと、カタリナさんの霊ＣＯ確認。残りヤコブさんだけだね。＠７
1日目,司書クララ,村人,【リナ霊確認】ほっとした。旅農待ち。■占雑感＠アル＞真≧狼＞狂予想。個人戦にうきうき。自由占いにわくわく。占感情見える。発言不安定さと。勢い落ちてる感は騙り出てから仲間不安もった狼印象も。★商>>200ニコ抜けてるのなんで？＠シスター＞狂＞真＞狼予想。統一希望は、誤爆嫌がる狂要素。襲撃不安は人印象。潜伏への希望は真か、狼にあわせたい狂。あえて狂人視狙いの狼可能性は薄め。狂寄り。＠オットー＞
1日目,司書クララ,村人,狼≧真＞狂予想。何故３ＣＯ目？が焦点。屋狼なら潜伏LW向き。少なくとも相談抜きで占出なさげ。真なら出て当然。狂は霊騙りが正解。読み不足？考察と希望出し速さからも薄そう。襲撃懸念鈍いのが、良くも悪くも悩む。★兵>>205屋偽と見て意見は素直に受け入れたの？間違ってはないけど、騙されてるんじゃって思考飛ばないのはなんか疑問。>>206「狼ならしない」は証明無理。あと、占いで確白なればって思わない？
1日目,行商人アルビン,狂人,ただいま。色々考えてましたが占３COで自由占いしたら物凄いカオスなことになりそうですね。なので初日は多数決で統一占いが良いんじゃないかなーとか思いました。いや、カタリナさん霊確定して決定出してくれるならそれでも構わんことは構わんけど。折角だし。ペタ>>213　ちゃうよー、別に>>119は統一が良い！って言ってるんじゃなくて、個人戦だと占先バラけるけどそこはみんなOK？ってことが聞きたかった。
1日目,行商人アルビン,狂人,☆妙>>177 フリ狼オト狂印象は何だっけ(ぉぃ。修>>122「狂人の立候補～」って言ってんのが僕には狂人っぽくないかなと思ったのと(クララさんは逆に非狼要素と見てたようだけど。)あと、ここは誰かが言ってたけど、オトさん狼で潜伏向きというイメージがあったので(私の予想時にそれほどオトさんの発言は有りませんでしたが、プロローグの時点でそこそこ経験値がある人かなと見積もっていたので。)ってぐらい。
1日目,少年ペーター,狩人,ヤコブさんまだかなー…　多分3-1だろうから、カタリナさんにまとめてもらうのが僕は良いけど、ヤコブさん戻ってこないことにはなー…今日の希望を出しておきますね。●兵で。正直白っぽいとは思います。素っぽいっていう。>>223のリーザと同意見です。だから吊りたくはないです。でも占いならいいかなっていう感じ。気になるのは>>206とか。どうも、村人で占い回避しようとしているよりは狼で回避してるんじゃない
1日目,少年ペーター,狩人,ーとか感じるんですよね。普通村人だったら妥協案出さないんじゃないかな…落ち着いて。白になったらそれはそれでよし、斑になったら霊確定なのでよし、ということです。正直黒狙いなんですけど…。トマは白っぽいし、なんか寡黙さん除外すると、もうシモンさんしか占う気が出る人残って無いってのもあります。
1日目,行商人アルビン,狂人,☆書>>188占3COになることは、割と(半分くらい？)有り得ると思っていたよ。別に三番目が狼でも狂でも有り得るとも。占い師は確定させたくない、真決め打ちされたくない、だろうから狂狼両方出てきても変じゃないかと。でも個人的には３COの方が、灰が占い師考察するときに違和感を見つけやすいと思ってるので、有難かったり。☆書>>224単に見忘れ…。何でだろう…なんか物凄い誤解を生みそうだなうごご。
1日目,木こりトーマス,村人,明日は早朝から街に薪を売りに行くのであまり遅くまでいれません。明日の帰りは夜になります。ほぼ霊確定なカタリナに占い先をまとめてもらいたいかと。現状（たぶん）：羊濃年司尼妙旅青商兵屋者樵−−兵−−−−−−−兵−兵
1日目,木こりトーマス,村人,占3CO-霊1COはG17村で現在進行形ですね。ロラ手が少ないのが利点？でも真占が即噛まれてしまってました。
1日目,行商人アルビン,狂人,|霊|占占占|灰灰灰灰灰灰灰灰灰||羊|修商屋|農年司妙旅青兵者樵|うへ、結構寡黙さんが多くてどーしよーかなーという感じなんですが、ざっくり灰雑感。クララは多少見方の違う部分があるとは思うものの、クララの考え自体は良く解るし、今んところ一番白く見えますね。逆にリザは多弁なんだけど、考察見てるとちょいと突っかかるような部分有り(詳しくは後述する。)ペーターは後半喋り出してきたね、うん、違和感なく
1日目,農夫ヤコブ,人狼,ヤコブジュニア弟だよ。おにいが洞窟に行ったっきり帰って来ないんだ。おっとうもいなくなっちゃうし、警察も雨でしばらく来れないし…こうなればオイラが調べるしかない！問題はこれはオイラが主人公なら解決フラグだけどオイラが主人公じゃないと主人公より早く真実に迫ったがために犯人に殺されるフラグなんだな。【占い師でも霊能でもないだ】
1日目,少年ペーター,狩人,ヤコブさんおかえりなさーい。【霊確定確認】【カタリナさんにまとめをお願いしたいです。】【僕寝ていいですか？】明日の朝は起きられる自信が正直ないです。お布団入ってきますね。＠４
1日目,シスターフリーデル,人狼,クララはまとめ役立候補はしないのですか？私としてはヤコブが来ないこの状況だとまとめ役して欲しいのですけど。ヤコブが来てカタリナ霊確定するまでの暫定でもいいので考えて貰えませんか？占い先からは外しますので。
1日目,シスターフリーデル,人狼,アルビンとシモンがライン…かな？言葉の語尾が写ってる部分あるし。
1日目,少年ペーター,狩人,寝る寝る詐欺Part1。おねーさん、ヤコブきてるよ！きてる！今度こそ寝る！おやすみなさい。
1日目,行商人アルビン,狂人,すらっとは読めますよー。シモンはちょっと変な子？(失礼)かと思ったけど、言ってる内容自体に整合性は取れてると思う。兵>>167での統一占いでの懸念も解かるし、ここは村っぽいかなと。だた自由占いでも色々問題が起こりそうな…。でももうちょい考えてみようか…。トーマスはちょこちょこ発言はしてくれてるんだが、もうちょいと頑張ってちょい！という感じだなぁ…。ヨア・ディタ・ニコは何処行った？ヤコおかえり！
1日目,木こりトーマス,村人,無事全員揃ったので安心して寝れます。占い先希望よろ。羊濃年司尼妙旅青商兵屋者樵一一兵一一一一一一一兵一兵できればディーター、ニコラス、ヤコブの話も聞きたいのでモバイルで寝る寝る詐欺するかも。では～
1日目,農夫ヤコブ,人狼,【占い師候補はアルビンフリーデルオットー】【霊能者はカタリナで確定】を確認だべ。カタリナにまとめお願いするだ。で、一番の問題は箱が壊れたさ、これ鳩からなんだで。いよいよ閉じ込められてしまった感が出てけた。笑い事じゃないけど。ということで考察遅くなるだが勘弁勘弁。今夜は徹夜だ…
1日目,司書クララ,村人,ヤコキター。ニコ宣言出てないけど、リナ霊確定で３−１で良さげかな？よろしく。■．灰雑感。年＞>>146>>148感覚は村印象。素直に話してる感>>145も白い。>>216霊考察共感すぎる。最白。妙＞>>159の防御感と>>161の修真？ってとこがちょい気になる。他はさくさく考察、思考落としてて白め。樵＞>>182の無防備感は白め。あっさり考察だけど思考見えるし、やり取りで判断出来そう。
1日目,司書クララ,村人,兵＞>>206【】閉じてないとはいえ村人発言は、灰放置出来ない。オトライン？って感じで、情報落ちそうだし黒狙いで占いたい。他＞判断できんわ！（どーん　手数余裕なさげ･･･どうしよ。深夜考察でも早朝考察でも良いので、待ってます。■６．●シモン希望。灰放置出来ない。ここ白黒はっきりさせたい。修→商→屋で統一占い希望。★妙>>223確霊っぽいし、●兵って、屋狼でも、普通にライン切りじゃない？＠０
1日目,羊飼いカタリナ,霊能者,ま、まとめなのですか
1日目,少年ペーター,狩人,寝る寝る詐欺Part2! …今度こそ寝るんだ…>>244まとめ！でも個人戦だし今日は初日だから多数決で決めて良いと思うよー。リラックスリラックスだよー。（お姉ちゃんの発言になんかほわほわした）＠２
1日目,木こりトーマス,村人,カタリナ、これ貼って集計してくれれば良いです羊濃年司尼妙旅青商兵屋者樵一一兵兵一一一一一一兵一兵
1日目,農夫ヤコブ,人狼,おやや、実は個人戦の流れだったっぽい。オイラ空気読めんですまね。よく分からなんだが個人戦やりたいならやるだーよ。あとまだニコラス宣言まわしてないのか。これは失敬だよ。■１まとめ役個人戦ってもんに必要なのかそもそも個人戦ってなんなのかも分からなんだが票まとめする人なら居てもいいと思っただよ。票まとめだから特に●▼かける気はないだよ。白確いないなら灰で順番にやっていくってものありかもなぁ。
1日目,シスターフリーデル,人狼,今見てのとおり【フリーデルは深夜3時くらいまでなら占い先変更可能です】トーマス>>192で時間がかかったと言われてますが、単に見てなかっただけです。まさか村の意見も出そろわない内に占CO始まるとは思ってなかったのと、私は潜伏する気なので急ぐ必要も無いのです。アルビン>>136の占い師COは控えめでささやかなので見つけるまで時間かかりました。クララ>>151の、ほむ、も村の独自用語なのですか
1日目,農夫ヤコブ,人狼,■２CO時期と３投票COバーンと初日FOでいいだ。投票COはよく分からなんだし、回避COでゴタゴタは面倒だから真は●▼当たんないようにFOだ。つまり現状で良いと思うだ。■４回避CO占い師霊能潜伏するなら●▼ありでたむのつもりだっただよ。狩人はいわゆる自己判断ってヤツだー。
1日目,少女リーザ,村人,クララ>>243下段＞だって、ここで占い後押ししたら本気でシモン占いになりそうだしっ！そうゆう意味でライン切りっぽくないと私は思うんだよね。寡黙気味なヨアヒムさんとかニコラスさん居るし、この辺りを発言で判断出来るか怪しいし両方吊って人間だと厳しいしで…初日占いはその辺りに使ってほしいんだけど突然死しないか不安もちょぴっとあって悩む。ヤコブさんは喋りだしたの見た感じ、発言で判断出来そう系かなっ。
1日目,農夫ヤコブ,人狼,■５占い方法3-2なら自由だー。この場合、占い師の誰かが狼見つければその人視点他の人は白だもんな。情報増える。あとふりーだむは最強のMSだもんな。他なら統一かんな。吊りミス２回じゃあ厳しいしなー。ただ、初回占いで見事鬼ヅモってくれる誘惑に駆られるのも事実だ。んだんだ。だからカタリナ確定なら自由も反対はしないだよ。でフリーデルが３時がリミットならそれまでに出さにゃならねってことなのか。無理け。
1日目,シスターフリーデル,人狼,クララ>>188 占い師は役割です。自分の勘の良さや運の良さを誇りたいなら、くじ引きでもして一人で遊んでいますよ。 占い師の心得占い師は恣意的な占いをしてはいけません。 「好き・嫌い」「勘」などといった自分だけの主観を元に行動してはいけません。 村のために縁の下の力持ちでいて下さい。
1日目,シスターフリーデル,人狼,クララ>>188 狂まとめは時々はあるでしょう。占い怖くないし、占い無駄に使わせられるから。立候補先に占い義務付けないと狼が立候補してくる可能性残るから無くさないと。潜伏がベストですが、投票CO使えない以上FOの方がまだ良いという判断です。長所しかない作戦があれば当然それを使います。あなたがまとめ役だとうれしかったのに。序盤の占い先から外すのは、斑だと吊られ、確定白だと襲撃されるからです。
1日目,シスターフリーデル,人狼,ヤコブが望むのでしたら朝に頑張って占い先変更だけならしますけど。占い先の希望はシモンですが、ここまで揃うと狼側の意図を感じて気持ち悪いです。ニコラス、ディーター、ヨアヒム、ヤコブと4人も寡黙吊りするのは無理だと思うので、こちらから占い先考えたいと思います。
1日目,農夫ヤコブ,人狼,★一応明日以降なんだろうけど…投票ってバラバラなの？これ考えないと回避COもあったもんじゃなかっただよ。クララ★>>129同時回しならある程度狼がどうでるか予想済みってことっぺ？フリーデル★>>140占い師CO止められそうじゃなかっただべ？あとがんばって３時までに考察出してみるだよ！
1日目,ならず者ディーター,人狼,ぬあああ。眠い。舟を漕ぎながら残務片づけながらなんだよ…すまんね。【羊の霊CO確認】おお、ヤコブジュニアおかえりー。占霊COはあとニコラスか。３−１でいいよねコレ。とりあえず議題にこたえる。なんかもういろいろ遅いがｗ
1日目,ならず者ディーター,人狼,■1、まとめ立てるってんなら、安心・安全の確白まとめ希望。占3COになってるし、まぁ霊は確定すると思うが、確霊しなかった場合は、とりあえず確白出るまで多数決かな。なにしろ初の個人戦で勝手がわからんｗ教えてエロい人。■２・３、占霊FO。俺的には占潜伏投票CO考えてたが、プロで投票COに否定的な声（ペーターだったか？）があったんで、この村では無理な気がしてましたっすｗ投票COは村で協力しあわないと
1日目,ならず者ディーター,人狼,できないからなぁ。回避枠潰して灰狭める作戦は普通に有効だしね。■４、占霊出てるからこっちはいいよな。狩人は、状況と本人の意思に一任。■５、俺は統一希望かな。確実な灰狭めを優先したい。
1日目,ならず者ディーター,人狼,占は素直に真狂狼でいいよな。もう出てこないと思うんで。３COならぱっと見の印象だと、商狼・尼真・屋狂かなぁ。今後の発言と判定次第だけども。アルビンは>>125確白の意見を聞きたそうにしてるのがちょっと気になったなぁ。信頼できる人の意見聞いて推理の精度上げたい真か、食い先選びたい狼のイメージがぱっと湧いたんだけど、>>142からは本当にどっちでもありそう。>>142見るに、この国では投票COで
1日目,ならず者ディーター,人狼,きないって考えがあるみたいだな。個人戦の件に加え、なんかシステム的にも潜伏と言う選択肢がなかったのかも、とも思えるな。個人戦にわくわくしてるのは、自信ある真なら納得。で、アルビン狼かもなって思ったのは、>>121あたり信用勝負に自信ありそうで、狼時に積極的に騙りそうって感じた点と、>>200でニコラスがまだ来てないことに気づいてないところがひっかかった。真視点もあるんだけど、他との対比で狼≧真＞狂
1日目,ならず者ディーター,人狼,フリーデルは、潜伏希望なんだよな。夜明け早々に>>122で投票CO推してるけど、意思通す力は弱めかなっていうのは同意。>>153悲観的ですね。プロで（優秀そうな）クララが狼じゃないといいなあ、なんて言ってたし、あんま自信があるタイプじゃないのかなって印象。狼だったらそんな無理して信用勝負の厳しい占に出なくても、霊騙りなり潜伏なりって選択肢ありそうだから、占に出なきゃいけない真・狂のイメージがあるか
1日目,ならず者ディーター,人狼,なぁ。で、前衛じゃない占が責任かかる自由占に消極的になるのもわかるってのと>>122の狂人まとめが非狂っぽいから、真≧狂＞狼オットー>>198 自分襲撃考えてないのはなんだかなぁ…。>>165も襲撃懸念薄めっぽい。このへんはちと偽くさい感じ。書・商の「狼なら潜伏しそう」には同意、さらにシモンに偽決め打たれ？てそこから考察詰めてきたのになんか危機感抱いた真OR護衛奪えない可能性見た狂、の人間ぽい
1日目,ならず者ディーター,人狼,イメージが浮かんだ。で、このへん真っぽいなってところが拾えなかったから狂≧真≧狼オットーとか深夜に来るんだっけ？増えた発言は明日また見る。
1日目,ならず者ディーター,人狼,灰についてちょっと。クララは>>131が白っぽく感じた。潜伏能力者に気を遣いません！なんて、狼だと言いづらそうっす。村の潜伏能力者守りましょう、というキレイゴトのなさと狼探しの前のめり感が一貫して白いかな。考えが合うとこと合わんとこある感じ。
1日目,ならず者ディーター,人狼,リーザも狼探しはの姿勢は白印象。白黒要素取るところが俺とあんまり合わん気がするけど。>>223の素早いロックオフはあんま狼っぽくない気も。薄灰。ヨアヒム・ニコラスは発言少なすぎてわからん。プロのイメージからすると2人とも喋れそうに見えるんですけどね。ニコラスはとりあえず、印象派っぽいイメージあるな。
1日目,ならず者ディーター,人狼,ペーターは>>143>>148能力者全ロラって５COの時だよな？確霊したら普通にそこまで吊り手要らんと思うんで、そういうパターン外してるとこにちょっと思考の固さが見えるというか、どこかテンプレ的に聞こえてしまった俺。白黒はまだよくわからんけど発言は積極的だから今日の占からは外し。
1日目,ならず者ディーター,人狼,トーマスは確かに素っぽいね。俺はまだ思考読めないんだけど、この調子で喋ってくれれば白要素拾えそう。発言期待。シモンはどうかな。RPか過剰な人は狼、とばっちゃが言ってた。だから、シモンは狼で。……いや、ウソです。サーセン。うーん、なんかこの占われるのヤダーって感じは普通に黒要素なんだが、狼だったら露骨すぎる気がするんだが。村人アピあるし、占いには反対しないけど、個人的には村っぽ。
1日目,ならず者ディーター,人狼,ヤコブジュニアは今喋り始めたとこっぽいから明日見る。●どうしようかねぇ。●青○旅かな。初回占は確白できやすいから、寡黙処理にしとく。眠いし寝る。おやすみ。
1日目,ならず者ディーター,人狼,読み違えとかフツーにあるかも。あったらごめん…ﾉｼ
1日目,シスターフリーデル,人狼,>>255 ヤコブ CO始まったので保留して後から出ても疑われやすいので。12分後に対抗しても、時間がかかったと疑われるくらい厳しい世界なのに。>>136 アルビン 　13:37 占いCO>>140 フリーデル 13:49 占いCO>>163 オットー　 15:17 占いCO 
1日目,青年ヨアヒム,村人,うっかり！寝オチていた！ガッデム！！！１余白勿体ないので書きかけの★樵>>184　自由占いはどっちかと言うと灰狭まりにくい気がするよー。３−２ならアレだけど。灰の狭まりに期待して自由占いって、どんな状況を想定してるのかな？だけ投下して議事録にダイブ。
1日目,羊飼いカタリナ,霊能者,個人戦っていうのがどのようなものなのか、経験がまったくないのでわからないのですがとりあえずガチの個人戦だと私がいらない子な予感がするのですよ？
1日目,農夫ヤコブ,人狼,眠いから目に付いたところ箇条書き作戦。体も頭脳も子供のヤコブジュニア弟のセンスがひかるだ。フリーデル>>153とかフリーデル狼なら言えないだよ。多分。ペーター>>154はペーター狼だべ！間違いない！げふんげふんオットー>>163の「対抗するよ」は真っぽくないだ。リーザ★>>176最後の行が共感出来ないだよ。というかなぜ白いのかが分からないだ。
1日目,少女リーザ,村人,カタリナさん＞ゆる個人戦っぽいし、占い師候補の人は対抗が占いたいって言った先で統一するの嫌がると思うので、じゃあここ占おうっかって感じで号令っぽいのはあった方がスムーズかも？とは思うっ。ディーター>>264＞クララ評の潜伏能力者に気遣いませんって発言と、村人発言したシモンを灰に置けないって（自分でしない事を他人に求める的な意味で）一貫はしてないと私は思うけど、ディーターさんはそれをどう判断っ？
1日目,シスターフリーデル,人狼,とりあえず私の占い希望は●ニコラスで占い先は最多投票獲得の●シモンにセットしました。朝にまた見て発言数や内容によっては、私の希望は●ヤコブ　or ●ヨアヒム　に　変更するかも。朝の教会の鐘できちんと起きられますように。
1日目,パン屋オットー,占い師,鳩から。遅くなってごめん。【リナ霊CO確認】ニコラスがまだはっきり回してないのか？でも確定っぽいな。リナ>>272　まとめって言っても、占い先ぐらいだから。あんまり気張らず頑張ってくれ。大丈夫、むしろ個人戦なんだから、バリバリ考察出してくれて良い。リナは俺にとって要る子。
1日目,青年ヨアヒム,村人,ざっと目を通しつつ。尼>>122　えっ夜明けまでに個人戦決まってたんと違うのん？まとめ役制にしても、立候補占いとか何言っちゃってるのん？>>123とか、お願いしますって…とか、何だかよくわからない固さを感じた。ってよく考えたら占COしてるんだった。まあ性格要素として拾いつつ。そいやアルビンも占COしてるじゃんね。>>119　FO推しつつ自身は出ない、のはまあCO順まだ確認してないし、
1日目,少女リーザ,村人,ヤコブ>>273＞ん、好奇心→実践無しって事で、シモンさんは考えた上であの発言をしたって私は判断したのね。（受け売りとか経験則では無く）考えて村に役立つ事を言おうって姿勢は白いと思うよ。んー、フリーデルさんが見てそうな間に希望を出すならひとまず●ニコラス希望。結構みんな喋れそう？な気もして、ちょっとテンションあがりそっ。というか、クララさんに突っ込まれたけどやっぱりフリーデル真に見える…。
1日目,青年ヨアヒム,村人,クララは議題回答見た感じ、思考基盤かっちりしてる感じ。何だろ、ベーシックってーのかな。商>>136　「統一で偽黒勿体ない」も前述の性格と一環。補完に関する危惧の出方もまあ自然。って早速出ちゃうんかーい！んー、真狂かな。狼はやや薄。僕が狂人やるときのアウトプットの仕方と似ててデジャブるけど、真でも余裕である範囲。
1日目,青年ヨアヒム,村人,尼>>137　「個人戦に非反対」って、エー。っていう。投票COのメリデメ自分で考えてない感じもマイナス印象。だって下手すると自分にも関わってくることじゃん。フリーデル占投票CO派だし。自分襲撃嫌がってるとも取れるけど。変な固さを感じるなあ。年>>143　なんか第一声からパラドックスの予感！>>146何かふらふらしてんなあ。>>148「最終的に～」は同意なだけに、微妙な定まらなさが気になるお年頃。
1日目,パン屋オットー,占い師,とは言え、精査は出来てない。ざっと見た印象から。樵：んー、確かに「素っぽい」感じはするが、だから白いかって言われると微妙。寡黙域。この調子続くようなら能力処理候補。てか今日占っても良い、でも兵のが気になる。年：無理にコメントしなくて良いよｗありがとな。特に気になる部分はなし。よく喋ってるし発言から見れそう。@4
1日目,青年ヨアヒム,村人,年>>149　個人戦なのに統一占い推しとはこれいかに。多数決で占い師ども合わせろ！ってことなん？でもそれ個人戦の意味なくね？とか。結局ペーターはどういう想定してんの、って読み取れない。戦術論なんて飾りさHAHAHA派かと思いきや、ちょいちょいこだわりめいたものが突出してるちぐはぐ感。書>>151　ごめん細かいとこ突付くけど「村」って「村側」の意？「素村」の意？
1日目,青年ヨアヒム,村人,妙>>152　ちゃきちゃき回しましょう系。性格要素として拾い。年>>154　おお！鋭い質問！？と思ったけど、別にリーザ「白確霊偽視しない」とか言ってなくね？むしろ「変な出方されると偽視しそうだから初日に出てね」オーラを感じた青年ヨアヒム、永遠の１８歳。妙>>155の指摘は狼でもまあできる範囲だけど、前述の性格要素とのズレ感はなさげ。
1日目,羊飼いカタリナ,霊能者,羊農年司尼妙旅青商兵屋者樵一一兵兵旅旅一一一一兵青兵
1日目,パン屋オットー,占い師,者：時間ないので本当にざっとしか見れてない。他の人にも言えるけど、読み返して気になるところあったら、明日質問するかも。で、他との絡みはないけど、自分の言いたいことは言ってる印象。しばらく占わなくて良さそう。あと「襲撃考えてなかった」って「自分が死んだ後のこと考えてなかった」意味だよ。青：今喋ってくれてるな。ティーンエイジャー（永遠の）なのか。ツッコミ多くて黒探ししてるぞ、って感じ。やる気が見える
1日目,パン屋オットー,占い師,やる気が見える。ちょい白印象。農：箱御臨終！？が、頑張って。思い付き垂れ流し派？鳩だからか。発言から見れそう。旅：まだ次の村には行かせない。発言待ち。んむむ。●兵○樵で提出。ニコは寡黙なのかまだ喋ってないだけなのかわからん。だー、時間だ、また更新前に来る。【占いはとりあえず兵セット、朝変更可能】
1日目,シスターフリーデル,人狼,カタリナさんまとめありがとはとー寝どこでねむねむ読書おやすみなさい
1日目,青年ヨアヒム,村人,妙>>160　自由・統一の要因に寡黙の有無を絡めるのは僕にはなかった発想。よく考えてるなーと感心した。★ところで、寡黙いた場合に統一が良いと思った具体的な理由は何だろ？「普通に～」からは寡黙との関連は見えないので。これは喉に余裕あればで良いや。同>>161　真狂にしか、はこの時点で言う必要あったんかなー？って３COの現状と絡めつつもちょい気になった。
1日目,青年ヨアヒム,村人,兵>>162　A.各々吊り先明言で解消できると思う。前日に確定はまとめなし＆無記名だと難しい。この考えの届かなさと>>164の狩人回避について地盤固まってる感じは、どうなんだろ。個人戦未経験ってことだし、逆にこの狩人回避のシチュエーション毎の明言化は、合わせて基盤要素かな。屋>>166　自由占いについての積極性が薄い。
1日目,青年ヨアヒム,村人,その割に、統一でも構わないって何かよーわからん。確白ができなかった場合って、占３COでFOなら霊確定する可能性高いんじゃね？村騙り見てる狼要素？とか邪推。そこから「今日辺り～」との繋がりが、どうも真ゆえの視点、みたいなんが見えにくい。兵>>167　決定された占い先に、仮に一番手・二番手で狂が黒出すよりは、自由で自分内白決め打ったとこに黒出し！のがしやすそうじゃね？その危惧に関しては。
1日目,青年ヨアヒム,村人,シモンは「ネタやってる場合じゃない」と言いつつネタ分多め。妙>>176　あ、そっか。自由もアリって２COの場合か。★３COなら統一を強く希望ってのはホワイ？兵評「すっごく白いっ！」よーわからん。同意できないって点、初日からそんなに強く？って点で。兵>>178>>179　うーん。意図的ネタステルスってよか、素でテンション高いはっちゃけ系なんだろうけど、白黒要素拾いにくそう。内容寡黙に近い予感。
1日目,青年ヨアヒム,村人,書>>188の妙への質問、僕は別にそこは違和感なかったけど、クララの基盤的には理解できる。それに対するリーザの返答がなー、ちょい微妙。「↑の回答」て、どれを指してるん？それこそ「万人に通用する記述」ではない気が。僕への突っ込みは、人にはそれぞれリアルがあるんだぜセニョール、と答えておこう。トーマスは議題回答他、>>187辺りから伺える仄かな不慣れ感。喉大丈夫かなコレ！
1日目,青年ヨアヒム,村人,クララの怒涛の質問ラッシュは占候補に寄り気味。今後の考察に期待。少なくとも兵に関しては、序盤であること、あとは内容が白黒関係ない戦術周りであることから、この質問自体が不毛というか、何を目指してるのかよーわからん。妙>>191　占候補に気を配ってるのは、書への突っ込みと一環。トーマス白視は「迂闊」そのものには同意しかねるけど、不慣れ感と併せて狼ならもっちょい固くなりそうかなって点では同意。
1日目,少女リーザ,村人,ヨアヒム>>288＞寡黙の数にもよるけど、寡黙吊り、統一寡黙占いでざっくり灰狭めないときつくない？☆編成的に普通に手数厳しめなので、寡黙居るなら楽しさを重視してる暇は無いかなってニュアンス。下段：言う必要あったかは知らないけど言いたかったのは間違いないー。３ＣＯ目出てきたらよほど真っぽくない限り狼視しそーって牽制のつもりはちょっとあったんだけど、気付かないで出てきた可能性思いついてもんにょり。
1日目,青年ヨアヒム,村人,★樵>>192　「挽回」って何に対して？屋>>193「狩回避、襲撃なければ翌日吊り」はちょい極端というか、ケースバイケースじゃね？狩人には長く生きててほしい村側の発想ぽくない気が。書>>194　屋狼予想の論拠として>>168？謎い。あ、>>166なのか…ってそれでも謎いんだけど。★具体的に、どこに視点漏れを感じたん？>>197「下は占として～」もわからん。狩人回避の話じゃなかったん？？
1日目,少女リーザ,村人,ヨアヒム>>291＞２ＣＯだと機能残れば補完できたりするけど、３ＣＯだと面倒だよねって思っただけっ。兵評はリーザ>>278上段で補足。ヨアヒム>>292＞「↑の回答」は「１行上」の事。あと、リアルがあるんだぜセニョールって>>271で寝落ちしてたって言ってなかったっけ？と思って271の段階で納得してただけに、ちょと首傾げたっ。>>295は白確定無し→３−２→翌日斑なら吊り先固定なのにねっ？
1日目,青年ヨアヒム,村人,そこで>>198て返しちゃうオットーもオットーなんだけど。何か僕が読み飛ばしてる？妙>>294　上段：あ、寡黙が複数いる場合ね。そして寡黙さん≒不慣れさんへのバファリンではないのね。下段：そんな強く尼商真狂視だったん？商は同意なんだけど、尼はどの辺で？「気づかないで～」って、屋は狼前提？同>>199　シモン微妙は同意なんだけど、その前の白視の根拠は？
1日目,少女リーザ,村人,ヨアヒム>>297＞寡黙＝発言数少なくて判断し難い人って意味で使ってた。バファリンってむしろ何？フリーデルさんの対抗の早さとアルビンさんのＣＯの仕方から真狂っぽいと強く思ったけどっ。とは言え、そこまで強く思ってたわけでも無かったり。私が何か言うことでそれに対しての反応出る事を期待してたー。真贋自体は、アルビンさん狂っぽ→じゃあフリーデルさん真か。みたいな消去法を置き換えて書いてたよっ。
1日目,青年ヨアヒム,村人,ごめんね順次読んでは垂れ流し投下の子でごめんね！てかリーザとリアルタイムでイチャコラしてると圧倒的に喉足りない予感なので明日に回す！兵>>268　うわあこの弁解とか黒い…黒すぎて白い！でもぶっちゃけ占うのは…アリ！みたいな。年>>212からの連投は素っぽい垂れ流し感。商>>119僕は「自由でいいの？」な探り感を見たので、先の質問と併せてどうも読み違いというか、文脈に対する見方が僕と違う気がした
1日目,少女リーザ,村人,リーザ>>298が日本語になってなかった。ＣＯの仕方から真狂だと強く思ったけど、（他の人に推す程）強く思ったわけでもなかったり。って事ね。●ニコラス希望してたけど、初日１発言で明日突然死したりしないかしょーじき不安なので喋ってね…。ニコラスこのままで、明日寡黙吊りとか考えちゃうなら黒狙い●ヨアヒムかなっ。私的にはクララさんの言うペーターの白さがわからないんだけど、ここ明日聞いてみたい。＠０
1日目,青年ヨアヒム,村人,妙>>223はかなり同意。色々同意。書>>224>>225の占内訳、屋狼ならLW（潜伏狼の意？）向きは目からウロコでなるほど。狂霊騙りは不正解な気がするんだけど、基盤違いの範囲。ごめん占後回し。妙>>250僕デキル子視はどこいったん？とかなしくなったけど時間的に納得ではある。者>>259斬新！商狼視は興味深い。旅狼前提なんかな。しかし全体的に筋は通ってる。よく読んでるなあ。
1日目,青年ヨアヒム,村人,僕とは基盤違うっぽいけど、狼なら発言で…判断できると良いな！ただできるっぽいとした青旅に占い当て、時間的に理解はできるんだけど、喋り始めたヤコブ明日見るなら２人も朝まで待つ、という選択肢は？青旅の序列をどこでつけたのかもちょい気になりつつ。てか商狼視が商とのラインにあるなら旅が先にくるんじゃ？とか。年者外し、序盤多弁占いとか嫌いなんで妙書も外し、残りが旅樵農兵。
1日目,青年ヨアヒム,村人,樵白っぽ同意だし狼なら発言と他との兼ね合いで沈みそう、兵は皆も言ってるし微妙なラインなんだけど、正直この３人なら誰でも良いや。ただ兵吊るくらいなら占っとけとゆー気はする。農≧兵＞旅くらい。とりあえずリーザにはセニョールって言いたかっただけってのと、順次垂れ流しだよってのと、バファリン＝優しさの意ってだけ返して＠０！誰か！誰か飴ちゃんプリーズ！！１
1日目,行商人アルビン,狂人,おはよ。早くに目が覚めた。リーザに突っ込みたかったところヨアがほとんど言ってくれた感じではあるな。ちなみに僕も若干リーザを疑っているので。喉ないだろうから返答は明日で良いよ。★妙>>294「３COを牽制～」ってことだけど、3COより2COの方が良いと思った理由は何？僕としては狼１匹表に引っ張り出せる分3COになってほしいとか思ってたので、気になった。あとさ★妙>>300ヨア黒狙いって何で？
1日目,行商人アルビン,狂人,あと妙>>185「ヨア２発言で～」とか妙>>296「ヨア寝落ち～」とかに突っ込んでるけど、２４時間箱に張り付いてられる人とか常識的に考えて居ないと思うんだけど、何でそこが気になるの？妙>>278「フリデル真」と思った理由を詳しく。まぁここは私の責任でもあるんかね。ちなみに妙>>177に返答しとくと、議論回答済んでない人が多い中COすると、大抵COの理由を後で求められたり突っ込まれたりするので、
1日目,行商人アルビン,狂人,まぁ「体裁を繕っている」と言えばそんな感じだったかもしれんが、とかく何故占COを回したか？ということを他の人が納得いくようには説明しときたかったってことで。うーん、占い希望はー素直に気になってるところでいくなら「●リーザ」。ディタ・ヤコ・ヨアも発言増えてきて特に違和感もないし寡黙処理とかする心配もなさそうかな？ヤコは寝落ちたのかしら。色が見えにくそう(放置厳しそう)って点では「○トーマス」 
1日目,行商人アルビン,狂人,でも多数決統一でいくならシモンかな？他に票が集まってるニコラスはまだ１発言でよー解らんね。今日は酒飲んでるよーだけど、喋れる人かなーという印象はあるので放置かにゃ。ヨアも何票か入ってるけど、夜中の指摘は妥当だなーと思いました。ただあんまり白く見えて来ないのは、考察の仕方というか推理過程とその結論部分が見えづらいせいなんかな？まぁここも放置で良いかな、と思ってます。とりま【シモンにセット済み】
1日目,パン屋オットー,占い師,おはよう。今日の占いは結局、多数決からシモンで良いのかな？カタリナ、何かあれば一言頼む。っていうか、ヨアヒムが喉使い切ると思ってなかった、三時間前の感じからは。すごいな。あれから怒涛で喋ってたのか。あとセニョールは英語で言うと…「ミスター」だよ。三時以降の議事録全部読めてないので、ツッコミあれば明日言う。更新前用に年の為@1【占セットは兵のままだよ】
1日目,木こりトーマス,村人,ディーター、RPが過剰な人は狼要素はうちのばっちゃも言ってたけどメタっぽいので自粛しました。フリーデル、確かに短時間だしすいません。ただ間に1回発言を挟んでる割には、と思ってしまったのです。ヨアヒム、自由占いだと占われていない灰が減ると思い。確定できるわけでは無いのですけど。ヤコブ、「対向するよ」は真っぽくないは同意。ヨアヒム、挽回は自分の議題に答えず寝オチして心証落とした件。
1日目,木こりトーマス,村人,ヨアヒムは違和感ないかな。個人的には寡黙吊より黒狙いを希望。ではいってきます～
1日目,農夫ヤコブ,人狼,寝落ちしたら更新時間に間に合わない悪夢を見ただよ。ガクガクブルブル。シモンは>>178で>>167の訂正してるけどそもそも発表によるんじゃ？という疑問が。
1日目,負傷兵シモン,村人,すんまへん！おもいっく眠ってもうたみたいやわ！ええと、ざっと見た感じやとやっぱわしが怪しいっちゅうことで、力説したら逆に狼っぽくないと思われるやもしれんと思うたんやけど……逆効果やったかな（汗　ちゅうわけで、先に謝っときます！ややこしゅうこと言うてすんまへんでした！かっかってこいや確白！（じっくりログ見てきます……）
1日目,行商人アルビン,狂人,カタリナさんは寝たままかな？発表順とかどうしましょうか？個人的にはオト狂と見てるのでオトさんに先に出して貰いたいなーとかどうとか。まぁ昨日の晩も言ったけど即発表することは出来ますよ。＠０
1日目,農夫ヤコブ,人狼,オットーの>>198は襲撃死忘れてた視点漏れ狼っぽい。トーマス>>209にフリーデルは霊能者COを回したかったんじゃないかっぺと突っ込もうと思っただが、でもそれじゃあフリーデルの控えめな印象となんか違う気がしたさ？と思ったらシモンの>>211を見てフリーデル評には同意できるだ。シモン★>>220「占い回避を得た」ってどういう意味？
1日目,農夫ヤコブ,人狼,クララは言葉ではすっぱり白いだの黒いだの言うけど>>224の不等号みたら多少迷ってる感があって人間くさい？きっとGS出してもらえるとクララの思考見やすくなりそうだべ。ディーター>>260でクララの考察内の「ワクワクが真印象につながる」理由が納得しただ。ディーターの説明わかりやすくて良いだぁ。
1日目,旅人ニコラス,村人,ふぁぁ…よく寝た！そうー僕も疑われたか。シモたんが村人だったら一票入れた僕土下座で謝るよ。今日は19時頃帰ってくる予定だけど、みんなの話はもう一度確り読む。狼さん、やっぱよく出来る子から食うのかね。おおコワイコワイ…
1日目,木こりトーマス,村人,ヤコブも違和感ないかな。もっとハッキリしないとダメですね私。ニコは印象掴めなかたよ＞＜
1日目,シスターフリーデル,人狼,占い先希望だしてくださいね
1日目,パン屋オットー,占い師,8時過ぎたかか。んー、シモン占いでいくぞ、もう。アルビン>>313　ん、別に俺先でも構わないよ。クララ>>243の「修→商→屋希望」とかあるけど。俺一番最初で良い？ニコラス＞一応【明確に占と霊の対抗、非対抗CO頼む】。【今日はシモンを占う。セット完了】@0
1日目,農夫ヤコブ,人狼,とりあえず、占い希望は盤面整理でトーマスかシモンかニコラスだべか。なんていうか、ニコラスは一応しゃべれそうで、トーマスは寡黙、シモンはRP大めで発言稼ぎ、占なわれるの拒否って疑わしすぎっていう状態だべ。ってかトーマスも十分発言稼ぎしてる感はあるが。どっちかというと●シモンかな。
1日目,農夫ヤコブ,人狼,フリーデルお疲れ様だ。統一占いで●シモンにする気はないんかな？オイラはフリがここがあやしってところズバッと占ないたいならそれでもかまわなんだが。
1日目,負傷兵シモン,村人,ヤコ>>314初回でいきなり占われるのを回避、ちゅう意味や。>>尼　どーみても変なわしに関しての考察がほっとんどされてへんところを見ると、わしを養護すべきかしないべきか悩んで、けっきょくうやむやにした狼、に見えてきたなあ……ってのは、ちぃと言いがかり？
1日目,農夫ヤコブ,人狼,シモン★>>322それは全体の雰囲気的に占いあたんないなーってシモンが考えたってことだべさ？
1日目,負傷兵シモン,村人,>>319さああ来いオットーー！！いまこそ決戦のときやあああああ！！
2日目,シスターフリーデル,人狼,セットそのままシモンです
2日目,行商人アルビン,狂人,【シモンは狼】うおぅ！びっくりって程でもないけれど、僕としてはそんな黒くは見てなかったから意外ちゃ意外！昨日の最後の発言>>312は胡散臭いかな…とは思ったけれどね。これであとはLWを探すのみ！後黒だと怪しいので先に判定出すよ。と言いつつ、そろそろ出掛けなきゃいけないのでまた昼頃に。
2日目,パン屋オットー,占い師,「決戦言うたけど…わし…こんな怪しまれて…初日占いで…グスッ」「泣くなよ…分かった、もっと漢らしく、堂々と、怪しまれなくなる方法を教えてやる」「えっ、ほ…ホンマに？」「ああ、ホンマだ」「それは一体！？」「少し待て。…レジーナ、彼にカルピスチューハイ氷抜き水抜き酎ハイ抜きで一つ」「ええぇぇぇえ」…結果、【シモンは人間だった】人狼がカルピスの原液如きで、あんな涙目になるわけないだろう。
2日目,シスターフリーデル,人狼,【シモンは人間ですね】聖人にもいますし…。
2日目,農夫ヤコブ,人狼,【シモンの斑確認】って言うかシモンが昨日言ってたような展開っぽいだ…？とりあえず、飯食ったり二度寝したりしてくるだ。うがー。
2日目,負傷兵シモン,村人,>>323尼の雰囲気的に、尼の占いは当たらない、っちゅう意味か？せやったら、イエスや。>>327吹いてもうたわｗｗさーてアルビン、わしの推理やと、自分は黒宣言し、狼に自分が狂やと知らせた、狂人と見たで！！わしが吊られてから、霊の判断で偽やとバレたってかまわへん・・だって、その前に狼が真占食えばええだけやからな。狩人GJはすげえ厳しい。真占は高確率で襲撃にあう！って考えた狂人や！
2日目,パン屋オットー,占い師,【商の兵黒、修の兵白判定確認】…アルビン割って来るのか。あと、俺が先に出さなくても良かったのか？発表順はあんま気にしてないけど。俺もご飯食べて、議事録読み込んでくるよ。あ、シモン。カルピスの原液一気飲みで漢になれるって言ったけど、ありゃあ嘘だ。すまん。
2日目,司書クララ,村人,おはよ。【シモン商→黒　他→白確認】まぁ、予想はしてたり。いまのとこ、素直に▼兵にしてる。今日のシモンとか占発言見て最終的には決めるけど。シモン狩なら早めに宣言よろしく。吊り間際だと対応面倒だし。★兵＞昨日灰考察見るに、ほぼ●妙って感じるけど、提出にいたらなかったのはどうして？それじゃ、深夜、増えてる分の議事見てきます。■１．占考察　■２．灰考察　■３．占吊希望　■４．シモン考察　ご自由に
2日目,負傷兵シモン,村人,【商→黒　尼、屋→白　確認】>>331うそつきよったなオットー！わ、わ、わ、わしがどんなにがんばって一気したかわかっとらんやろ！？自分もやってみぃ！トイレ入ろうと開けたら中に年頃の妹がおったときくらい厳しいねんぞ！ええ？>>332占先は・・すまん！忘れてましたっ（土下座【わしは狩人やない】これでええ？ほな、昼ごろ戻るわ。
2日目,青年ヨアヒム,村人,おはよー。早速パンダでふいた。とりあえず▼兵で。非狩COも入ったし、正直吊らない理由がないんだよね。昨日の時点で占い師ズは何となく、商：真≧狂≧狼　尼：狂≧狼≧真　屋：狼≧狂≧真で僅差ながらアルビンが一歩出てる感じだった。今日の特攻黒でより真狂度あっぷ。狼はないでしょコレって感じ。昨日の>>313「屋先出し希望」からの>>326は偽なら巧いよね。２白なのが気になるとこだけど。
2日目,司書クララ,村人,ひとまず、返答やらなんやら。商>>230上段は了解。んー･･･対抗占考察挙げてほしい。修狼ピンと来ない。下段は、素っぽい反応だし、了解。今日判定から真狂どっちかだろし。修>>236そこで言われても、＠喉2で、希望出しもまだなのに無茶すぎるｗ　2-2ならともかく、占3COなら、霊確定か初日5COってことで、考察優先したし。>>248ほむ、は･･･ごめ。ただの相づち。妙>>250そうかなぁ。オト
2日目,司書クララ,村人,がばっちり真！ならともかく、占疑問あった事思えば、ライン切り範疇だと思うんだけど。考えは了解。修>>252心得了解。性格一致だね。>>252　1.狂まとめは狼吊ること多いし、狂と思わず襲撃されがちだから、警戒は首傾げ。立候補は、ゆるめ個人戦で、決定権ないのに必須かなぁって思う。回避っぽいとか、発言怪しいってなら別だけど。最後は了解。☆農>>255？ごめん、質問意図わからん。予想済みって何？同時
2日目,司書クララ,村人,なら、狼狂とも様子見しがちだから、ＣＯ順情報にしやすい。霊騙りor潜伏希望狂と占狂任せ狼って組み合わせで占確定ありえる。後者はなったらなったでダレるけど。★者>>264私考えあわないところ、ってあるけど、聞いてみようとかないの？考察なんか似た感じある分、どの辺？って思った。占周りかね。ちょい聞いときたい。★妙>>278占考察きちんと挙げてほしいな。>>161>>177>>298だと共感取れなく
2日目,司書クララ,村人,て、納得できなかったり。あと●旅って、白狙い？☆青>>282素村。>>295☆３−２予定狼か、村騙り撤回２−２想定狼って予想の視点漏れ指摘だけど、半ば難癖。反応どう返るかが一番見たかった。「占として～」は、屋から襲撃不安、他より取れなかったのよ。なんで狩話題触れて突付いて、やっぱり出ないのね？ってストレートに振った感じ。>>297飛んでないよ。私もその辺り、屋に疑問持ってる。☆妙>>300たぶ
2日目,司書クララ,村人,ん共感要素高め。占２ＣＯ見て、ＦＯっぽいなって思ったら、>>148って出て。霊来ないなぁって思ったら>>216だったからｗ　後は、考察に特に疑問なかったのと、占繋がり感じない辺り。★樵>>310？ごめん、よく意味がとれなかった。説明もらえると助かる。★屋>.331自分が先に出さなくて、補足お願い。兵>>333ゾロ目おめ。占い希望、忘れてたのか。出すなら●妙だった、でいい？【非狩確認】＠14
2日目,青年ヨアヒム,村人,あと、オットーって昨日シモン希望だったんじゃなかったっけ？両狼だとしたらマゾいよね。前後の状況にもよるけど要チェキ。尼屋に真いるなら今日は頑張りどころだよ！ふぁいと！兵吊りは固いんで、兵の白要素挙げよりも、狼探し・護衛引き付け的な意味で。☆書　返答サンクス。オットーの返答も微妙なんだけど、狩の話題で自分襲撃後の話？具体的にどういう想定予想してたの？視点漏れは「確白できなかった場合」の部分かな。
2日目,パン屋オットー,占い師,☆クララ>>339　アルの「後黒だと怪しい」読み飛ばしてた。あと今更すぎるが、>>195読み違えてたかも。「狩人回避の状況想定教えろ」「回避するならこう？」「占い師として襲撃後の話出ると思ってた」「自分襲撃後とか考えてなかった」っていう流れだったんだが（俺的に）。ごめん、クララが>>189で、俺にどういう回答を期待して質問したのかが全然分からない。でも今更なので置いといて良い。俺が馬鹿だって話。
2日目,司書クララ,村人,☆青>>340自分襲撃後は、私だと、「狩地雷を狙って占い回避は～」とかその辺り触れる。共有いないわけだし、狩人地雷は美味しい。もしくは、「占い先襲撃やばい」とかね。言わないから偽、ってわけじゃないんだけどね。もう少しこう、自分が襲われるとまずい！って意識が見れるかなーって期待があったのが大きい。後半の、視点漏れは、そこであってるよ。確白求めすぎ感がちょいね。屋>>341返答了解。狩考えは上回答で
2日目,少年ペーター,狩人,おはようございます。寒いです。なんか予想通り（クララと同じこと考えてるのかな？）斑になって、▼兵を希望したいものの、でもやっぱり白だった時なんかやられてるのかなとか思ってしまう自分です。まあでもここは▼兵だと思うです。霊判定見る→同時に占いがもし抜かれる→その後２日偽占いを吊っていく→７人中２人or１人で戦う　って流れで充分この村としては頑張ってると思うれす。さむい。
2日目,青年ヨアヒム,村人,屋>>341で昨日のもんにゃり感が氷解した。ですよねー。微妙とか言ってごめん。何となくしか流れ追ってなかったからさ。まあその弁が妥当かどうかは後で精査するとして。書>>342　えええ？確か狩の吊り回避の話だよね？狩地雷とかそんな話してなくね？？いや僕の記憶が正しければだけど。何か無理やり感というか、謎い。あ、もし僕が勘違いしてたらごめん。
2日目,青年ヨアヒム,村人,地雷おいしいと僕は別に思わないからなあ。クララはもうちょっと、やーらかい考え方してほしいな。自分は自分、人は人。オットー真ぽくないは同意する部分もあるけど、その考え方はちょっと危険な気がする。あ、ちなみに商狂の目も普通に見てるんで、アルビンも気を抜かず頑張ってね。黒出し占い師なんて真ならかなり抜かれやすいし、あまりにも屋尼どっちか真ぽいor商偽ぽいor兵白すぎたら、別のとこ吊ることも考えるから。
2日目,木こりトーマス,村人,鳩から斑判定確認。クララ、占い対象に寡黙を当てるより可能な限り黒っぽいとこを選んだ方が建設的だと思ったのです。
2日目,シスターフリーデル,人狼,とりあえず占い希望出す締め切りの時間はほしいです。朝の8時でも夜中の25時でもいいですけど。昨日はシモンが最多なの確定でしたから集計結果が出なくても、そのままセットできましたけど。あと私としては斑より寡黙の方を何とかしたいです。カタリナが居る内に霊判定見たいというのも分かりますけど。カタリナはどう感じているのですか？
2日目,負傷兵シモン,村人,司>>339ども。出すなら●妙やった！青>>340と>>345が矛盾しとらんか？この状況やとわし吊は確定ちゃうん？商が真or偽が確実にわかるんやから。これを超えるメリットは他にある？なんや商と敵対するような発言をわざとした狼に見えるで！それと>>340、護衛引き付けはわかるけどやで？そのせいで霊が襲われるっちゅうパターンは考えとる？ミスリードして、あまよくば霊を襲おうとしとらんか？（きらーん
2日目,シスターフリーデル,人狼,1.占い考察はどちらが狂でどちらが狼の内訳ですね。弱い根拠ですけど、アルビンとシモンがつながってる可能性機能感じたので、アルビン狼オットー狂の可能性が少し高いかも。2.灰考察は深夜にします。3.占い吊り希望は暫定で●ニコラスor最多票者　▼シモンorニコラスニコラスは情報が出てない上に、非COもCOもしてないので、今のままにしておくのは難しいと感じています。シモン吊りは気は進みませんが斑吊りな
2日目,シスターフリーデル,人狼,4.シモン考察、目立つから占い希望多く出たのかなと。私は潜伏狼で怪しい人間をロックオンすると、かなりの確率で潜伏共有者か狩人に行ってしまいますので。クララさんほど積極的にはどうしてもなれなかったのです。今回はそこまで追求しなくて良いので気が楽です。不審な情報抑えて目立たないようにしてる人って狼に見えるので、狩人と見分けが私にはあまりつきません。
2日目,シスターフリーデル,人狼,クララ回答ありがとうございます。実質まとめ役してるようなのでもし明日が来るなら占いたいかなと感じています。ただ、前回書いたように斑よりはいいとしても確定白になると狙われやすいので悩みます。個人的にはリーザ、ヨアヒム、ヤコブ辺りを黒狙いしたいのですが。出かけますので24時以降にまた来ます。時々は見てますので。
2日目,シスターフリーデル,人狼,あと発言数余裕有る方がいましたら昨日の占い先の表のまとめお願いします。今日の希望の表もできれば…。まずは締め切り時間がほしいです。
2日目,司書クララ,村人,お昼顔出し。青>>345偽っぽい真なんていくらでもいますしね、って私そんな固まって見てる？そこまで自説こだわってないんですが。樵>>346　あ、青>>303見て解決。ごめ。私の読み落とし。修>>349商狼は、薄いと思うよ？兵吊りで羊霊判定出れば、自分偽判明。先吊られの上、修屋が真狂見極めつかないままとか、何しに占騙り出たの？って感じ。>>351私、実質まとめなの！？議題置き位しか覚えがない
2日目,羊飼いカタリナ,霊能者,【兵斑確認】ダメまとめな私・・・／農年司尼妙旅青商兵屋者樵●兵兵兵旅青一一妙一兵青兵
2日目,司書クララ,村人,修>>347パンダ出てるし、占いに関しては、統一じゃなくてもいいかな、って思う。占各自で持ってる情報がだいぶ違うのよね。この場合、村全体としての情報より、占それぞれで真見ての情報のほうが、大きいと思う。ただ、あくまで私はこう思うってだけだしね。意見集めるのが良いと思う。締切時間は･･･占にあわせるよ。私個人では1:00までには必ず。■５．占い方法・統一/自由と締切時間リナ＞どんまい！後任せる。
2日目,少女リーザ,村人,判定確認っ。アルビンさん偽っぽ。アルビンさん真なら誤爆込みの２黒狙いで良かったでしょ？何で信用得る為に最初に判定出すなんて言葉が出るのか理解し難いよ。昼ころ出かけるから最初に出すってだけでいいでしょ…って似たこと昨日も言ったね、うん。アルビンさんは偽だと思うけど▼シモンに反対は無いよ、と言っておくねっ。☆昨日の回答になるけど、３ＣＯより２ＣＯの方が真が残り易い+決め打ちし易いから、かなっ。
2日目,少女リーザ,村人,☆クララ>>337下段＞ん、めんどうなのでパス。明日カタリナさんが抜かれてたら考えるよ。●ニコラスさんは吊るくらいなら占っとけ、だよっ。というか今気付いたけど、私もクララも難癖付けて相手の反応見るタイプじゃないかなー？別にこれはスルーでおっけ。あと、霊来ないなぁって言うのは突然死可能性を考えてて「来た！」って「クララ」が思うのはわかるんだけど、ペーターが言ったのは何だか違う気がしたんだよね。
2日目,少女リーザ,村人,ペーターはもう少し安定性重視？っぽいタイプに見えてたし、「どこー」だけじゃなくて、なんだろ言語化難しいけどもうちょっと心配そうに誰なんだろうって人間なら言いそうだと感じてたんだよね。なので、クララさんが共感でペーターを白いって言うの自体はわかるんだけど、私はそれ共感要素じゃ無いと思う。って事。★クララ＞ペーター>>343とか微妙だと思わない？斑を取り合えず吊りたいって所から文章作ってる感じ。
2日目,少女リーザ,村人,フリーデル>>347の寡黙どうにか～って所に半分は同意なんだけど、ニコラスさんがこのまま突然死しちゃいそうな気もしてて困ったね。シモン>>348のヨアヒムに対しての護衛引き付け関連の突っ込みは同意。☆アルビン>>304＞>>304>>305を自分で読み返してみると答えになってると思うｗヨアヒム>>303＞寡黙気遣って占いあててあげようってリーザが思ってたって解釈だったのね。>>357二段目
2日目,少女リーザ,村人,お出かけ時間迫ってるので昨日灰に埋めてた分を。ディーターさんはリーザ考察で白視しなくても良いポイントで白視してきたのが人間っぽいって思った。>>256のロックオフって部分ね。アルビンさんは、リーザがヨアヒムを「気にしている」ということがわかっているのに、何でヨアヒム占い希望黒狙いに疑問を持つのか不明。発言数稼ぎっぽ。というわけで、ちょっと１発言上と被ってる部分あるけど補足って事で。また夜ー
2日目,羊飼いカタリナ,霊能者,【斑吊り以外の灰吊り希望も書いてください】【2時ごろ決定だす予定】斑吊り、寡黙吊りなどの吊りは1回おこなえるかおこなえないかっていうものだとおもっています。黒要素を見いだせる人がいたらその人の吊りを優先させるつもりです。
2日目,行商人アルビン,狂人,妙>>359はー「黒狙い」って、時間的な部分だけ？昨日も言ってるようにそもそもそれが気になる理由がよー解らんのと、それだけで「黒狙い」とまで評せるのが理解し難いんですが。発言稼ぎっぽ、とか言ってくるリーザの方が論点逸らしっぽく見えますよ正直。判定に関しては、後から偽黒出されるのが嫌だったのでシモン白ならオトさんの判定を待とうと思ってました。黒誤爆期待とか別に～そもそもシモン黒なら３ｄ私襲撃され
2日目,行商人アルビン,狂人,るだろうなーとか割り切ってたので、あんまり深く考えてなかったなぁ。フリデル>>349 とかフリから白判定出てるのに、アル・シモンライン継続とかそれどんな視点？って突っ込みたさ満載なんだけど。司>>335　フリ狼しっくり来ない…かなぁ？私視点だと見え方が違うのかもしんないけど、白黒見えてるが故のいびつな視点を感じるのはフリさんの方なんですよね、オトさんが突っ込まれてた>>166「占３COで霊
2日目,行商人アルビン,狂人,確定しない～」は別に村騙りの目を見た狼の視点漏れとは別に思わなかったなぁ。オトが狂っぽいなぁと思うのは、灰考察でも白黒に繋がる要素をはっきり挙げてない、という点かな。まぁまだ私も灰考察少なくて人のこと言えないし、そも私が言うと信用落としっぽくなって説得欠けるかなーとか思ふけど。まぁとかく僕から見るとオト狂フリ狼に見えるよって思考開示ね。ごめんここで時間切れなので後は夜にね！勿論▼シモン希望で。
2日目,青年ヨアヒム,村人,兵>>348　うわあ…まさかのシモンからの突っ込み…。ちょっとあんまりはっきり言いたくなかったんだけど。まず１つ、アルビンに黒出したんだから吊れるでしょって安易に思ってほしくなかった。２つ、シモンに黒出たんだから自分吊りでしょって安易に思ってほしくなかった。３つ、これ以上触れるつもりはないので気になるなら騒ぎが落ち着いたら。いろんなパターン想定しての発言なんで。
2日目,負傷兵シモン,村人,■１．（兵視点）司>>353商狼が薄いのは激しく同意。せやから商狂。商>>363どんな視点？には同意。寡黙吊主張は商狂がバレるのを遅らせる方便に聞こえるで。昨日に引き続き、尼狼。屋>>わし的にこれといったボロは出しとらんと思う。せやから最初はライトくんかと思うて疑ったけど（←非理論的）今は一番真っぽい。■３．大多数が兵白、商偽と見ぃへん限り、わしは寡黙吊りよりも商偽をちゃっちゃと証明した方
2日目,負傷兵シモン,村人,（続き）がええと思うてる。・・漢の散りざま、とくと見ぃ！（▼兵）あと思ったんはいくら商狼が薄そうでも裏をかいてきとるっちゅう可能性はある。さてそれを危惧した場合はどうなるか？「今日▼兵、真占襲撃、３、４日目▼偽占二人、狩人GJなし、狩人は霊を守り続けてる、狼は残５人（６日目）で襲撃放棄、突然死なし」っちゅう一番ありそうな場合の確率計算してみたけど、これやと「村勝＝1/4」ってとこや。灰考察ナッ
2日目,少年ペーター,狩人,とりあえず鳩から気になったところを。★リーザ 僕は斑を吊りたいって思って(ぶっちゃけ兵が黒だってかなり思ってる)から斑吊るとどうなるかを考えて、やっぱ斑吊りだよね、って考えてるからそういう文章になるんだけど何か変なことある？
2日目,少年ペーター,狩人,もう決めうちかよとか思われるのは嫌ですが、僕は大分兵が黒だと思ってます。だからこそもし白だった時を考えても兵吊りで様子を見たいと思ってます。もし兵白なら…今までの考えを全部リセットしますね。というかしないといけません。 希望：▼兵
2日目,青年ヨアヒム,村人,書>>353　む、喋り方の印象かな？別にそんな固まってないなら僕の杞憂。妙>>359　や、ごめんちょい違う。寡黙≒不慣れにも推理・発言しやすいように統一なのかな、って思ってたんだ。で、ここでリーザのアルビン偽っぽ！主張は…どうなんだろ、白いんかな。ちょっと考えてみよ。何かしら色が見えるヒントな気がしつつ。って年>>368の脊髄反射っぷりは…びみょいような。★ちなみに、兵黒強く見てる理由は？
2日目,負傷兵シモン,村人,（続き）シングの話やから、あんま当てならんけどな。「ホンマか？」と思う人は計算してくれると嬉しいで。なんせわし文系やさかい！>>365おう、返答おおきに！どーもわしの頭は固ぁくなってるさかい、商偽完全証明を超えるメリットが果たして寡黙吊りにあるんやろか？と思うて突っ込んでん。煽るよーなこと言うてごめんやでー。
2日目,木こりトーマス,村人,■１．占考察、商が狂じゃないと狂が黒出さないことに違和感、狂なら村人吊る上に真占噛まれそうでキツいなあ。後者の可能性が高いと思う。■２．灰考察、鳩なので後でゆっくり。■３．占吊希望、シモン意外の可能性は探れないかな？■４．シモン考察、非狩COはこの場合合ってるんだよね、単体での印象は黒っぽいけど占い結果が白っぽ。間違ってたらご指摘願います。
2日目,木こりトーマス,村人,現状、狼視点では真狂見えてる可能性が2/3、村視点では確定出来てないのが痛いなあ
2日目,木こりトーマス,村人,狼視点で真狂見極められないケースはアルビン狼の場合なので商ローラーはどうたろう？霊判定は可能だしあわよくば真占噛まれない…かな？
2日目,パン屋オットー,占い師,あの後ガン寝してた。…でもそんなに議事録増えてないな。あと言っておくけど【俺はシモンには投票しないよ】当然だけど。★ペーター>>368　君は昨日の>>228で「正直兵白っぽい」と言ってるが。…てかその直後でも「●兵希望、黒狙い」って言ってるな…どっちなんだ。何故「兵かなり黒っぽい」と思った？商真印象とも言ってないようだが。あと遅い話題だが「兵白印象だが黒狙い」についても補足頼む。できれば。
2日目,木こりトーマス,村人,シスターのアルビンシモンライン発言はどうかと思う、アルビンからも突っ込まれてるけど。ヨアヒムの占考察が自分と近いんだよなーという事で▼シモンに反対はしない。
2日目,司書クララ,村人,ただいま。議事読み中。☆妙>>352何故私に振るｗ　昨日占い希望出してるし、そこまでは気にならないかな。まぁ、兵の色次第。黒ならやっぱ最白。白なら、黒め、かな。共感部分の指摘はなるほど、って感じ。商>>363修も灰考察しっかり見てるとは感じないけどなぁ。なんというか、ここ狼なら良いなぁ、的な感情が見えるのが狂っぽいんだけど。商狼予想とか、私まとめ振りとか、そんな感じが。まぁ、考察待ち。
2日目,司書クララ,村人,樵>>272商真兵黒の場合、狂占が白判定はありえるよ。というか割らないと、狼に真狂が伝わらないから、割るのが普通。どちらかといえば狼占の白判定が意外かな。>>274商真はありえないって思う？そうなら商吊りもありとは思うけど。私は商真予想もあるから反対しとく。ちょい、考察見て判断出したい相手多いから、しばらく様子見てるよ。＠9
2日目,パン屋オットー,占い師,…ごめん、ヨアヒムと質問被ってた。でも教えて！別々に回答しなくて良いから。■1.まぁ、商狂修狼だろう。狼が絶対黒出さないわけではないが。で、実際に商狂修狼だと、俺としては結構マズい状況なんだよね。…あー。修について「弱気で独断COするタイプには見えない、思考も保守的」ぐらいに思っていたんだが、昨日の発言見返すと割と一本筋通ってるな、と思った。アルのCOに飛び出てきたにしろ、軽く「今から占い騙っ
2日目,パン屋オットー,占い師,て良い？」と確認があったにしろ、本人自体が占い騙る度胸と経験はあるんじゃないかな…。「まとめ役欲しい」「投票ＣＯ使いたい」は今までの環境から来る性格だろう、と思う。だからどうって言われると分からん。誰か言い出しそうだけどツッコむ。>>349斑吊り辞さないと言ってるが、君からするとシモンは占判定白で霊判定白なのも分かってるんだが。何故村人吊りを止めない？
2日目,パン屋オットー,占い師,…もう1回読んだら>>349シモアルラインとか、良くわかんなくなってきた。偽なら適当言い過ぎだろう。修狼なら狼側はあまり連携気にしてない気がする。フリーダム一派。■2.3.保留。■4.カルピス一気もトイレ開けたら妹も既に通ってきた道だ。明日も俺が生きてたらこのパンやるから、死んで白を証明しようとするな。村人吊りたくない。灰読み込んで来る。…発言数20じゃ全然足りない…。@13
2日目,木こりトーマス,村人,クララ、どうもありがとう。村得な気がして話題振ってみたけど商真ありだと思うから撤回します。▼シモン、●リーザリーザはパッションです申し訳ない。ニコラス、ディーター次第で考え直すかも。
2日目,負傷兵シモン,村人,いま改めて読み返してみて思うてんけどな、どーも年>>343の「７人中２人or１人で戦う　って流れで充分この村としては頑張ってると思うれす」っちゅう発言が妙やと思うねん。わしが黒やったら、確かに7/12で村有利やわ（間違ってたらごめんやで！）。せやけど、兵白で自分の言う方法の場合、さっきも言うたけど村勝利は1/4やで？とてもやないけど“充分”とは言えそうにあらへん。せやったらまだ「商狂と予想されるさ
2日目,負傷兵シモン,村人,（続き）かい、▼商はしばらく待とう」ってなった方が勝率高いわ。ペーター、自分は「2or1」と一応わしが白の可能性も含めて言うてるのに、兵白の場合のことは実際考えとらん。これは狼ゆえに適当に言うたんか？少なくともその発言は村のためにならへんな。まあよっぽどわしが黒やと確信しとって、「んな可能性の場合なんか考えられっか！」って思うたんやったら別やけどな。・・せやけど、その割には兵黒の理由がなーんもあ
2日目,負傷兵シモン,村人,らへん。さーて、言い訳の方聞かせてもらおうか！！（PRやでー。口調厳しなってごめんやでー）>>384オットー・・・・じ、自分こそ真の漢やあああ！かっけEEEEEヨ！最っっっ高にシビれたわ！！おいおいおいおい！！これからはオクレ兄さんと呼ばせてくれ！自分が襲撃くらって▼兵になったら墓地で自棄食いしようZE☆@12
2日目,司書クララ,村人,★兵>>367商狼が薄そうで裏をかいてて、真占襲撃･･･ってなんぞ？>>366見るに、「兵白時、屋修が真狂なら狼視点で真不明」は、理解してそうだし。なんか真見えてる狼視点漏れに感じるんだけど･･･。ついでに補足。商狼で真って思わせて守護取り→リナ襲撃で判定隠しは、ありえると思うよ。だいぶリスキーだけど。屋>>380>>381それ、修狂ってほうが納得のような。ここ私固まり気味。議事見直す。＠８ 
2日目,旅人ニコラス,村人,ただいまー　春が私を呼んでいるー。議事ざっと読んでみた。オットーさんの意見に同意。修は狼かな～　アンケートはもうちょっと夜に考えて答える。皆良く頭働くなぁ。
2日目,パン屋オットー,占い師,クララ>>386　発言内容じゃなくて「黒出し商狂、消去法的に修狼」っていう結論ありきで言ってる。内容自体は修狂ぽい。だから商狼なら占真狂どうでも良いと思ってるのかな…壊せればいいや、みたいな。▼斑で占い破壊、4d▼商で潜伏が逃げ切る算段のつよーい狼トリオ…って感じか…。修の適当発言は狂アピ？…結構ある気がしてきた。★ニコラス>>387　おかえり。で、しつこいけど【ニコは非占霊】ってことで良いの？
2日目,負傷兵シモン,村人,>>386第一声で狼が黒発言すんのはメリットほとんどあらへん。けどその裏をかいてあえてやってきて、商狼が黒発言してきた場合、っちゅうことや。つまり商狼、狂服っちゅうことやな。この場合でも、霊がおれば明日の判定で商が偽やとわかるよな？で、仮にここで、わしらは商狂と判断し、吊らんでもええかってなったら、ほら、もう狼側の勝利や。すげーリスキーやけど、やらへんとも限らん。わしらが占二人吊をすれば、確率的な
2日目,少女リーザ,村人,クララさんのアンカーが違う場所に飛ぶ事が多くて涙目な私。▼オットーっていう変化球をお出かけ中考えてたんだけど、どうかなぁ。私はフリーデル真だと思ってるし、クララは多分アルビン真って言うだろうしで今日の間に説得できる気もする気もあんまりないしアルビンさんは狂だと思ってるので、それならオットー吊れば黒判定出るんじゃ？的な発想。でも見たらニコラスさん来てくれてるし６手あるからやっぱり▼シモンでいっか
2日目,負傷兵シモン,村人,（続き）勝率は結構下がってまうからな。最初の方の吊りが失敗続きやったら、「あいつどうせ狂やろうしええか」ってなるかもしれんやろ？・・っと、これでええかな？ついでにわしが白と思う人が増えたら、▼年or▼寡黙希望や。理由はさっきごちゃごちゃ言うた通り。占いは・・ちぃと考えさせてもらうわ。＠９
2日目,少女リーザ,村人,フリーデルの>>349が意味不明で困り。好意的に解釈すると、シモン狼の可能性見てたのに、それに先発表で黒を出せたアルビンは狼っぽいって意味なのかな。アルビン>>362もういいよ君偽だから。ペーター>>368＞良い反応ありがとう。っ▼ヨアヒム>>370＞ヨアヒムさんは基本黒いと思うんだけど、人狼っぽくない部分が２箇所くらいあったなぁとお出かけ中思い返して思ってた記憶。どこだったか見てこよっ。
2日目,羊飼いカタリナ,霊能者,よくよく考えたら個人戦じゃん！まあでも灰吊希望も出しとくと考えるようそふえるもんね、うん
2日目,木こりトーマス,村人,フリーデル、1日目が慎重だっただけに2日目の発言は狂COにしか見えない…
2日目,木こりトーマス,村人,★リーザ、フリーデル真とみてるのにシモン吊り？あとヨアヒムも？そこまで確信してるのに灰のヨアヒム吊る意図が見えません。
2日目,司書クララ,村人,兵>>389>>391狂服の、服ってだれやねん！ｗごめん。私読み違い。商狼で、狂仮定場合の想定ってことか。そりゃ変になるはずだ。偽確定したら明日絶対商吊りでFAだから大丈夫。結果、商黒だと思いっきり笑うけどｗ妙>>390まだ屋真はあるって見てるから、さすがに思い切れない。急ぐ場面じゃない同意。>>392まぁ、落ちついた方がいいよ。商からの妙ロックっぽいのは気になってるけど。つ【ホットミルク】
2日目,少女リーザ,村人,トーマス>>395＞…？トーマスさん私の発言読んでる？日本語が読めない人と話す気は私あんまりないので、トーマスさんがそうじゃない事を願うばかりです。灰のヨアヒム吊るってどこに書いてる？シモン吊りの理由>>390辺り見たら？
2日目,少年ペーター,狩人,|<ただーまー★ヨア＆オト言われると思ってましたー。えっとえっとー。とりあえず昨日の兵黒視and白視うんぬんについてから説明しますね。まず>>228で言ってますが素っぽい、と。これは本当その通りだと思っていて、>>223に追従、と。慌ててるところとか何やら全て素に見える。見えてた。のは事実。　
2日目,少年ペーター,狩人,でもでも、>>206とか、変わってますよね。普通村人だったら、占われても確定白に自分がなるーとか、それだけで（吊りとは違う）、一応情報が落ちるわけです。だったら別にそんな必死になって回避しようとする必要性はないのではないかと思ってます。狼で、なんかいきなり占い喰らいそうで慌ててる方がぴったり来ます。本当はもう一個理由あってそれが結構大きいんですよ。でも秘密黙秘。兵の黒白がはっきりしてからいいます。
2日目,少年ペーター,狩人,特に黒だったら結構押していくつもりです。白だったら逆の方向で使うかな…　要は、白っぽさがあるから吊り当てるより占っておいた方がいいし、黒っぽくもあるから占い占いーという感じの流れ？でしたその時。　それ以外にも兵樵書妙以外が余りに寡黙すぎた、というのもありましたけど。まああれです。クララさんも行ってたけど兵がもし白だったら僕の信用ガタ落ちすると思うんで、その時はその時でまた頑張ります。黒だと思うけ
2日目,少年ペーター,狩人,どなあ…＠１３
2日目,パン屋オットー,占い師,リーザ>>390　泣いた。俺吊って白だったらってことは考えてないのか！★商偽決め打ち（してるように思うが）、修真屋狼予想なのにシモン吊るのか？リーザが思う「偽の商は兵黒」「真印象の修は兵白」だよ？あとペタの質問>>368ちゃんと答えてあげて欲しい。リーザ意外とロックオン体質なのか？黒視してる人との対話を打ち切ってるようにしか見えない。
2日目,少女リーザ,村人,クララ>>396＞うん、突然死が出て５手になりそーだったら思い切るしか無いなって思って考えてた事なので、多分それで通じるはず。フリーデル真よりはオットー真の方がありそうな気がしてきて悲しい私。アルビンは偽でしょ…狂誤爆期待してないとか思いきり狂視点。シモン狼なら襲撃貰うしどうでもよかったって意味不。★そもそもシモンが狼なら、みんなは何で１黒なのか考えるといいと思うよっ？
2日目,少女リーザ,村人,オットー>>402＞タイミングわるいにゃ。アルビンは偽でしょ。シモン白とアルビン偽説得するのが手数あるならだるいのでシモン吊ってもいいんじゃ？とは思ってる。ロックオン体質じゃなくて、私は気に食わない人と黒いと思った人を吊る事を楽しみに生きてるだけよ？で、ペーターに対しては>>343が黒いと思ってる点は>>368見ても変更無いので特に答えるべき発言だと思わなかった。黒い反応ありがと、くらい。
2日目,司書クララ,村人,妙>>403んー･･･私は、商のその辺は、そんなに気にならないのよね。アンカちょい省くけど、性格・嗜好が一貫してる。偽視されるの嫌ってるのは真感情ではあるし。☆兵白視取る目的かな。昨日、兵白っぽい予想はそこそこあったし。賭けとしては悪くなさげ。★逆に、商狂として、兵白見切った理由って、どの辺だと思う？私は、そこ結構商真要素にとってるから、聞いてみたいかな。
2日目,少女リーザ,村人,クララ>>405＞偽視されるの好む偽って居ないと思うの。むしろ今日の黒出しは襲撃貰いたく無い狂っぽいし。シモン狼仮定で、白視されても結局吊られないって所までは想定しないと思うのね私。アルビン襲撃しやすい辺りをメリットとして考えても、３ＣＯで黒出し占い師守る狩人は死ねって思ってるのでピンと来ないなっ。アルビン狂なら、初日狼っぽいって言われてたオットーが●シモンしてるだけで十分人間視出来てた気も？
2日目,負傷兵シモン,村人,■２．>>妙どー見ても▼兵ブームやのに▼年に変更したのは・・ライン切りより、白っちゅう印象。「商偽！」って言うとるしな。黒にしたらちぃと仲間切りすぎｗ　>>404こえーよｗｗ　司>>396べっ、べつに間違えたわけじゃないんだからねっ///　
2日目,少女リーザ,村人,シモン>>407＞いや、ペーターに▼はプレゼントしたけど基本的に▼シモンで今日は良いと私思ってるよっ。でも希望通るなら●ヨアヒム▼ペーターでとりあえずどっちか判定見たいなぁとは思ってるけどｗヨアヒムさんは>>301の出来る子視どこ行った、って発言は私的に人要素で悩ましい。あと、兵吊るなら占っとけって発言もちょと白いかなぁ…。そもそも、議題回答だけで反応消える→赤相談？と思っただけだしね。
2日目,少女リーザ,村人,んで、寝落ちって事ならその点は考えないようにしようって思ったんだけど、もう１回ヨアヒムさんから説明が入ったから、疑われたく無いポイント？みたいに思って狼ありえるかなって感じで黒狙いっ。ペーターは>>148が実は非現実的っぽく私は感じて胡散臭い気も…いやでも…みたいな感じで思ってたのね。ＣＯ数も展開もわからない状態で、最終日３人で殴り合いまで行けたらって、ちゃんと考えて喋ってるの？って思ったっ。
2日目,木こりトーマス,村人,リーザ>>392の▼とヨアヒムがつながって見えて吊り希望なのかと勘違いしました、申し訳ない。>>390「６手あるからやっぱり▼シモンでいっか」が軽めに見えた割に占の真贋がハッキリしてるギャップが気になったまでです。これってオットー>>402と同じこと言ってるよねボク？
2日目,少女リーザ,村人,一応クララはずっと絡んでおけば狼ならそのうち黒い反応くれたり、嫌がったりしてくれそうかな？と思ってたり。現状白視してる。んー、ヤコブは朝のフリーデルとのやり取りとか微白っぽい感じはする、かな。考察とか発言増えるの期待。トーマス>>410＞あ、なるほど。▼ヨアヒムに確かに見えるのかも。そこはごめんね。リーザ>>404で言ってる通り、説得しきるの面倒だし、今思ったけど私が間違ってるなら有利だし？
2日目,少年ペーター,狩人,■２．灰考察明日になってから書きますね。斑吊りの結果が大きすぎる(個人的に)。どうだろう。トマさんとクララさんは前日に引き続き白い感じがするけど。というか占い出さなきゃいけないから少し考察しないとだめですね。仕方ないか。面倒くさがり屋なペーターなのです。
2日目,少年ペーター,狩人,[農]…僕の考察の適当さに泣いた。箱ご臨終はなんともはやドドンマイ！って感じです。箱が逝ってからの考察は白っぽい。なんか鳩から精いっぱい頑張って落してる感じ。今日はまだなのでまだまだ。[者]…早く帰ってきてー。　初日の考察はさらっと読めたしデキる白い人に見える。[書]…1日目から今までずーっとフルパワー。僕こんな元気ないんだ…　
2日目,少年ペーター,狩人,[旅]…一番の寡黙人らしい。割愛。[妙]…初日の印象と違って初日の後半あたりから感情的になってる？僕を疑うとかそういうのはいいんだけど、なんか初日の印象とは違うな、とは昨日の最後からずっと思ってる。[青]…デキる人っていう第一印象。この村デキる人多すぎじゃない？まあそんなのはどうでもいいね。なんというか、考察に文句もつけられないし、思ったこと書いてる感じ。
2日目,少年ペーター,狩人,[樵]…初日の印象は素白。2日目も継続して。考察も分かりやすいし。■３．占吊希望▼兵▽者●旅占いたい人ねえ…兵黒だって思ってる以上そこまで占いたい欲望がむらむら湧いてきません。が。　もし兵白だったら誰狼やねん！って感じの灰考察書いてますねー。正直困る。まあ白だったらもう一回最初から全部読むってことですね。とりあえず寡黙●旅で。
2日目,少年ペーター,狩人,■４．シモン考察>>206の発言が変わっていること、後全体的に慌ててるところがマイナス評価になってる観がある。それ結構大きい感じ。所詮パッション。それ以上大して言うこともない。☆＆★シモン>>383の4分の1ってのがどこから来たのか教えてほしいです。確率計算？その時にはラインとか出ているし、実際白決め打てそうな感じの人もいておかしくないし、7人中2人黒の殴り合いなら充分戦えると思います僕は。
2日目,パン屋オットー,占い師,ペーター＞回答ありがとう。リーザ>>404　うん。ごめん、重なった。照れるな。俺は新レギュ14人村って村側ややマゾだと思うんだよ、だから吊り手に余裕はあっても、白は吊りたくない。まぁこの辺は感覚の違いか。「黒っぽそうなのを吊るのが楽しみ」とまで言うが「兵白の説得だるい」で▼兵か。…今日の発言からリーザの性格が見えるので、分からなくもないが。目立つ所を突付いてるだけの気がする。少し黙る。@10
2日目,少女リーザ,村人,ディーターさんはリーザの>>360で言った点。これを要素として言うのは微妙かも？とは思うけど思ったので言うと>>265でプロからの印象を拾ってる点が情報ほしい側だと感じた、とか。白視気味。オットー>>417＞だって、占い師考察得意そうな雰囲気出してるクララ説得してシモン人間ですー！アルビン偽決め打ちですー！って進行すれとか、無茶振りじゃない？そこまで言うならオットーさんがやってよ。期待。
2日目,パン屋オットー,占い師,リーザ>>418　個人戦なんだから黒いと思った人に投票して良いよ。白い人を犠牲にしてまで、偽決め打ってる人を客観的に偽確させる必要はないと思う。…てか、クララ説得したいの？なら俺やリーザの意見見て「商偽だな」って思うかも知れないんだから、尚更商偽決め打ち＝兵白決め打つなら、斑だからって安易に吊るなよ。そこが「だるい」んだよな。分かるよ。感覚の違いだからもう触れなくて良い、喉勿体無い。
2日目,青年ヨアヒム,村人,これ妙屋仲間ならすげーっていうかあくどいっていうか、よーやるなあって感じだよね。うん。だるいとかだるくないとか以前に、どんだけアルビンが状況偽っぽかろーがシモンが白っぽかろーが、僕は確定情報万歳派なんで皆まで言わすない。本音と建前って大事。単体では割と真っぽいと思ってるしね。昨日の「屋先出し」のコワザはけっこー評価してる。あと屋>>417が偽くさい。
2日目,青年ヨアヒム,村人,てか、リーザは何したいん？という素朴な疑問。「何故２白なのか考えてみて」とか言いつつ説得だるいから兵吊りって、すげー中途半端。まあ書妙に中盤以前で手をかけるビジョンはあまり浮かばない。で、ペーターはこれ兵の白黒かかわらず割と白めなんでねーの？とか思いつつある。黒なら言わずもがな、白だとしても「まあ白っぽいけど吊るべ」てな雰囲気なのに、黒い！とかゴリ押しするのって謎い。
2日目,旅人ニコラス,村人,ごめん寡黙だった。【非占・非霊CO】リーザが怖い（ぶるぶる）フリーデルが狼か狂印象以外、村有利な流れが見つけられない。投票は修に。
2日目,青年ヨアヒム,村人,でオットーね、真なら明日死んでる可能性高いじゃん？「白なるべく吊りたくない」とか言ってる場合じゃないじゃん？もし仮にだよ、シモン吊りを先延ばしできれば寿命も長くなるかもじゃん？僕とか「兵吊らない可能性もありますよー」とかわざわざ言っちゃってんのにさ。そんで尼>>349もどーなん。っていう。えっちょっとこの村真占いんの？まさかのゲルト真占！？
2日目,青年ヨアヒム,村人,ってうおおおい>>422ニコラーース！！！！日本語で！日本語でおｋ！★まず１つ、ニコラスは尼狂狼視なん？他の２人に関してはどう考えてる？★２つ、「村有利な流れが見つけられない」ってどゆこと？「尼狂狼なら村有利」って言いたいの？だとすると「尼狂狼印象」てのは何？ニコラスの主観っぽいけど。
2日目,少女リーザ,村人,ヨアヒム>>421＞んー、なるほど。確かにペーターはそう考えると白いのかなぁ…。考え直してみる。ニコラスさんはちょっと、もう少し、頑張ってみよう…？無理なら占って貰うとか、どう？あまり村側っぽく見えない気もするけど、どうなんだろ。少なくとも協力的には見えなかったり。★頑張れる？あと、私の非狩発言じゃないけどシモンさん狩人ＣＯするかもって思ったんだけどなぁ。違ったし昨日の妥協案が謎くて困るっ。
2日目,青年ヨアヒム,村人,今ちょっと手数計算らしきものをしてみたんだけど、今日は統一で占ってほしい気が。商自由、尼屋は占い先統一。カタリナの決定か多数決で。僕の希望としては妙書年以外。年はちょっと今日の発言が微妙ではあるんだけど、前述の理由により。ディーターは確か昨日商狼視してた記憶、こじつけっぽさは感じなかったけど結果論的に外れてそうなのと、今日発言がないのとで悩みどころ。旅樵辺り。今日の発言まだ読めてないけど。
2日目,少女リーザ,村人,ヨアヒム>>426の上２行に賛成。というかそれも言うつもりだったのに忘れてたっ！私の希望は、トーマスかニコラス、もしくはヤコブかな。でも、トーマスって狼？ぽいオットーさんと「同じ事言ってるよねボク」って発言が>>410であって、何だかここ両狼っぽく感じない。というわけで、●ニコラスさんか●ヤコブさん占いを希望。アルビンさんは好きに占えばいいよ。
2日目,羊飼いカタリナ,霊能者,じゃあ占い先だけ決定だします
2日目,木こりトーマス,村人,占COと寡黙を除くと考察対象がけっこう狭い気が…。クララは出来すぎと思えるくらいで頼りにしてしまってる。少なくともこの先も発言を聞きたい。リーザ、ヨアヒムの熱くなるところは個人的に白印象。完全に主観だけど。占いではっきりして欲しいところもあるけど他に優先しても良さそう。ペーター説得力あると思うけど無難かなあと邪推してる。
2日目,木こりトーマス,村人,ヨアヒム>>426「商自由、尼屋は占い先統一」賛成。占い希望は●ニコラスで。ぽつぽつ顔出す割に寡黙なので他に判断しようがないという理由。
2日目,ならず者ディーター,人狼,ただいま。早く帰れるはずだったんだが、残されて遅くなった…とりあえず【判定確認】黒白白ねえ。初日で割れんのかｗ男らしいなぁオイ。そしてシモンの>>167の通り、黒白白ですか。予言者かシモンは。怖ぇー…とりあえず、いまから議事録読みながらぱぱっと書きなぐる。今日はおそくまで起きてられるから構ってくれる人いるならよろしく。
2日目,少年ペーター,狩人,とりあえず今日はもう寝ますー。明日の朝早くに来る予定です。予定。それじゃおやすみなさーい。＠７
2日目,司書クララ,村人,■２．灰考察GS[○樵年青＞者農妙＞旅●]樵＞入ってくる情報、そのつど考えてて、村印象抜群。人減ってきたら質問投げてやり取りで判断つけるで良さげ。兵白黒関わらず、白位置。年＞兵黒と思うけど、違ったらどうしよう感いっぱい。やっぱりここ白いよ。妙が気にしてるので，おまかせぽい。私的には白予想。青＞兵白黒をフラットに見極めたいって感じは村っぽい。強い狼可能性はある。褒め言葉。占う必要はないかな
2日目,司書クララ,村人,白放置で。農＞>>315私GSあれば、が、ちょい気になってる。ただまぁ、>>273>>315の素っぽさ全開、思考だだ漏れ具合は無防備感。兵占い積極的なので、兵判定次第で白黒だいぶ変わる。者＞後出し気味に、無難にまとめてる考察は、判断つけ難い。占うには良い感じかな。灰。妙＞前のめりっぷりが悩ましい。年とは逆に、兵黒だったらどうするんだろって相手。白さというか、村動かしてくれてるのは、疑い恐れ
2日目,司書クララ,村人,ずな非狼印象。兵黒でのLWはありえるか。ラインべったりすぎだけど。旅＞寡黙で酔っ払い。吊りたい。占いはその後流行り病って最悪が頭よぎるので正直微妙。■４．兵考察>>324>>330なにこのパンダ覚悟完了っぷりw自吊り言っちゃってるし。非狩だし、確霊だから白黒はっきりするし、見れば考察進む。吊らないで残すにはネタ見たいｗってくらいで、白決め打てず。もうちょい灰考察出ない？って期待中。＠３
2日目,行商人アルビン,狂人,だたいまー、遅くなった。…ちょいとご飯食べて風呂入ってじっくり議事読みまする。私は占い先は好きなとこ？というか、自分で勝手に決めちゃって良いですかね？
2日目,少女リーザ,村人,クララの>>435見て●ヤコブにしとこうと思った。んー、シモンさんは狼だとあんまり思わないかなぁ。ペーターへの突っかかり方？を見てそう思うので、両狼はありえそーかな、多分。両白か両狼かなと予想しとこ。ペーター白っぽいかもってさっきヨアヒムさんに同意した部分だけど、シモンさんが狼の場合って別に白要素でも何でもないよねって思ったのも含む。アルビン>>436＞好きにすればいいと思われるよ。＠２
2日目,シスターフリーデル,人狼,ヤコブ…手慣れてる感じがします。短いながらも適切で的を射たコメントがおしゃれ。ペーター…同じく慣れてる感じ、乱戦も殴り合いも引かない喧嘩好き。クララ…いつの間にか仕切ってる村の世話役。質問が多いのは他人を信用してないから？共有者だったら手際よく進めて行けたでしょうに残念。狼ならリーダーではなく、参謀役でしょう。リーザ…クララに近いけど思考が何か黒いのが不思議です。
2日目,木こりトーマス,村人,申し訳ないくらい灰を絞れない自分が憎い。集計取ってるとビックリするくらい占い先がニコラスに集中してると思ったところにクララの意見で揺らぐワタシ。喉あるし週末だしも少し張り付いてます。
2日目,シスターフリーデル,人狼,ニコラス…寡黙吊りが好きでない私でも、あまり擁護する気持ちがわきません。考察とか言う前に…。ヨアヒム…一番黒い人。人狼ならLW担当でリーダー。隙のない考察から、誰を生け贄に捧げるか選んでる感じがします。ディーター…寡黙かと思ってたらそうでもないので印象あまり無しです。トーマス…慣れてるのかそうでないのかよく分からない不思議な人。私に一番近いかな。直感と感覚で考えてるので面白い人。
2日目,ならず者ディーター,人狼,☆リーザ>>274＞前のめりな性格、で一貫してないか？「潜伏能力者に気を遣わない！（私は全力で狼を探し出します）」→「村人発言したシモンを灰に置けない（村人発言は村側として意味不明。仮に村としてもノイズになるだけだし、推理を楽しみたい）」というような感じに見えてるけど。>>360白視しなくても良いポイントとか言われた俺涙目。まぁ白黒取る感覚が違うことを再認識。
2日目,ならず者ディーター,人狼,☆ヨアヒム>>301確か3時くらいで時間切られてた気がするし、寝なきゃいかん時間だったんで悪いけどそこでブツっと切ったわｗ旅狼前提って、どこからだろ？商狼なら旅狼あるかもな、って感じで、旅が単体で狼っぽいとまでは思ってないなぁ。つか発言少なすぎてわからん。●○使ってるけど、非常に誠意のない本音をぶちまけると、盤面整理的な希望出しなんでぶっちゃけどっちでも良…（ｒｙ ★ヨアヒム>>299の兵
2日目,ならず者ディーター,人狼,アンカから俺が出てきて愛を感じた。黒く感じた兵の弁解がどこか教えてほしい。>>312？☆クララ>>337＞ん？別にひっかかるようなとこなかったから、質問とばそうとか考えてなかったな。エコってスマンが、積極的にやりとりしてる人から情報拾えてるし。そうですか、私とは考えが違いますがそれはそれで理解できます、みたいに思ってた。考え方をある程度理解しとかないと、狼見つけられないしね。似てるな、って思っ
2日目,ならず者ディーター,人狼,たのは占考察で気になったとこが被ったとことかだね。ヤコブジュニアは>>251の3-2言及がちょっとひっかかったな。ヤコブジュニアの非占非霊でこれはもう3-1だろ、ってことになってたと思うんだけど。★この時期にまだ3-2考えてたってことは、旅狼視してるってこと？
2日目,ならず者ディーター,人狼,ペーターは>>369あたり思考停止気味なのが気になった。>>361って指示もあるし、兵狼でもまだもう1匹狼いるのになって思ったが、>>415これ見る限り兵の黒判定出たらライン考察する気なんかね。まあ兵の白黒を見ないと次に進めないー、というのは納得。トーマスは>>382で気にしてたのが旅者なんだよな。確かにその地点では俺と旅だけまだ来てなかったけど、今日1発言しかない農はいいんかな、とちらり。
2日目,負傷兵シモン,村人,年>>416あくまで“推理なしの場合”と言うたはずやで？村勝＝(2/6*1/4)+(2/6*2/4*1/3)+(4/6*2/4*1/3)=1/4狼勝＝(4/6*2/4*2/3)+(4/6*2/4*2/3)+(4/6*2/4)=3/4・・わっかりにくぅ！（汗
2日目,負傷兵シモン,村人,しっかし年の考察見とると年白に見えてきたぜ・・。年が黒やったら、わしにはそんなに突っかかるとは思わへん。すでにわし吊りはほぼ確定やから、スルーしたってええはずや。せやのにあえて計算式にまで突っ込んでくるったぁ・・ガチ白の予感？わしが白確した後の反応を見て、いろいろ推理できそう。・・わし以外の人はなァ！（ぐすっあとできる子多すぎに激しく同感！なんやねんこの村ｗ美女村とかほざいてた頃が懐かしーわ
2日目,パン屋オットー,占い師,■2.樵：微妙だと思ってたが今日の発言は村人っぽいと感じた。受身すぎるが、そういう性格なんだろうと予測。置いといて良い。司：昨日の姿勢とブレ無し。妙とよく喋ってるがここは切れてるだろうと思う。狼視点漏れがこじ付けっぽいとは思わん。灰印象。でも占うのは今日じゃなくて良い。青：>>423頑張る。フラットに状況見てるところは白印象。強いて言うなら灰どう見てるかが分かり辛いが、希望出し理由などは納得。
2日目,パン屋オットー,占い師,今日は放置。>>426占い方針異議なし。妙：過激さは黒印象とは取らない。商偽決め打ちで▼兵は矛盾するが「だるい」は妙の性格からは分かる。が、司への擦り寄り感と年SG傾向が黒印象。占い候補。吊るほどではない。年：回答もらったが「兵かなり黒」の理由が薄い。ちとこじ付けっぽい。迷ってる感は村っぽくはあるが、分からん。占い候補。旅：寡黙。悪いが吊りそう。人の意見に対する感想でも良いから喋って。
2日目,負傷兵シモン,村人,■２．灰考察続き木>>ごめんピュアな白にしか見えへんｗ　このピュアさは演技じゃキツいって。>>124>>231あたりも「村のために役立つぞっ！」ってな印象。者>>ガチで忙しそうｗ　発言も中身詰まっとって、遅い登場でも村への貢献度が高いあたり、白として頭をフル回転させたっちゅう印象。・・黒としてフル回転させてんねやったら最強伝説誕生と見た。
2日目,木こりトーマス,村人,ディーターおかえりなさい！>>445その時点で「発言無し」表示されてたのが者旅だったのでそう書いてしまいました。ヤコブ絶賛まってます♪
2日目,農夫ヤコブ,人狼,うーん、一日中箱と睨めっこしつつ明日やっと復旧するかしないかってところだべ。これでやっと外と繋がって警察も来るべ…？ということでまだ鳩という。あと、オイラのおとうがプロの最初、兄がプロの二番目だ。オイラはヤコブジュニア弟だべ！フリーデル>>325はオイラの>>321を受けてだべさ？オイラが勘違いしてたみたいだからすまね。シモン☆>>330リーザが占い当たらないと考えた理由みたいのを聞きたがっ
2日目,司書クララ,村人,■１．占考察＠アル＞真＞狂≧狼予想。まぁ、狂はある。狼も、あるかな。ただ、素直に見ると真。商狂時に兵黒は、ちょい覚悟いる。狼予想の屋●兵も、疑惑受けてからの早め希望、それも灰全員しっかり見て出してないとか、ライン切り十分あり。兵単体でも怪しいし白見切る理由には弱い。兵占い微妙そうにしてたのに、黒引きでテンション↑とか、個人戦＆自由占いわくわく感やら偽視不安やら、騙りなら上手すぎで、速攻黒出
2日目,司書クララ,村人,しも疑問。なくはないけど･･･。偽時がやばいので明日襲われてたほうが嬉しいかもしんない(どーん！＠シスター＞狂＞＞狼＞真予想。ツッコミどころ多いけど省略！狂か、狂視受けたい狼か。たぶん前者。不慣れ真もありえるかなぁ･･･明日襲われてたら一番悲しい気持ちになりそう。＠オットー＞狼＞真＞狂予想。どうにも占っぽくない。まとめ不在を気にしたり、RP答えたり、村全体調整したい様子は、ぶっちゃけエンタ
2日目,司書クララ,村人,ーテイナーな狼印象。嫌いじゃないけど、むしろ好きだけど、疑わしい。占は序盤に一番頑張ってほしいのに、対抗や灰見ないで遊ぶなとｗ　兵やり取りや今日の吊り擁護も、正直狼仲間印象のが強い。相手色が今日見えて護りたくなったって感じじゃない。今日の灰考察は丁寧さ出てる。真可能性少し上がった。狼予想否定まではいかず。朝起きれたら、ちょい考える。■３．商→●妙　修・屋→●農希望。　▼兵ゼットで寝る＠０
2日目,旅人ニコラス,村人,はいただいま。ようやく考えが纏まってきた。まずフリーデ嬢に擁護されるどころか食べられちゃう！かもしれないから、私を占うのはやめといたほうがいい。クララたんのおっしゃる通り。でヨアたん、修以外も怪しいとは思ってるんだけど、一日目の話聞かない状態の修がどうも狼ぽく見えた。オットーは怪しいなぁ。でも兵は今となっては白ぽく見える。リザたんは白に見えない。狩人は誰を守るのかな……
2日目,負傷兵シモン,村人,農>>箱が壊れた黒やったら泣くしかなさそうｗクララ姉の意見に同意。>>273の屋評あたり素にしか見えへん。けど・・イマイチ自信あらへんなあ。こいつは読めへん。寡黙は吊、多弁はしばし放置。残る中やと・・つ●農青>>司>>白であることを祈るｗ敵に回したくない！狼の最強伝説保持者or頼れるナイスガイの二択に一票。印象と発言数からすっと「黒　青＞司　白」かな？>>旅寡黙すぐるｗ近いうちに吊ろーぜー！
2日目,農夫ヤコブ,人狼,ん、微妙に切れたけど多分大丈夫さ？死亡フラグにならないことを祈るだ。クララ☆>>336coを同時開始した方が予想しやすいって言うのがあまりピンと来なかっただ。だから狼と狂人とどっちの方が占いに出やすいとか、霊能に出やすいとか考えてるのかと思っただ。あんがと。ディーター☆>>444>>247でニコラスが宣言回してないらしいとわかってたから一応考えただーよ。
2日目,旅人ニコラス,村人,とりあえず鳩から頑張ろうと思ったら無理だった。私に関しては吊られて白確定するならそれもよし。昨日のシモンたんの気持ちがわかる。占COして食べられない人って、その時点で狼かなぁと思うんだけど。クラたんはシモン吊っちゃうのか…うぅん…
2日目,青年ヨアヒム,村人,見えるところからー。書>>433　褒めてくれてごめんだけど、実はあんま兵白黒見極めようとか思ってない。て言うと語弊あるけど、白と思っても今日吊るのはよっぽどじゃない限り多分変わらん、て感じ。単純に占い師候補への発破と、シモンへの鼓舞。妙>>437　「兵黒なら」あれ？そう？リーザが商偽決め打ちっくな発言してるし、僕も（ｒｙだし、そんながんがん「黒いよ！」主張せんでもって気がするんだけど。
2日目,青年ヨアヒム,村人,尼>>440　ホワッツ！？いつの間に僕最黒！？唐突すぎてびびった。ちょっとなーフリーデルすげえわかりにくいんだよね、正直。困った。発言そのものよりも状況で見たほうがよさげ？者>>442　盤面整理はすごくよくわかる。旅狼前提てのは、商の狼要素に「旅未発言に気づかず」を挙げてることから。そこから商狼を推察するのは旅との赤ログ邪推＝旅狼前提じゃね、ってこと。
2日目,旅人ニコラス,村人,ごめん、そう、昨日宣言できなかった。申し訳ない…＞ヤコブ、ディーター、アルビン議題に対して全然回答できてないね。誰かの意見読んでから答えよう、と思ってたのが昨日寝落ちたから。灰以上黒といわれてる人が明日消えなければ、確実に狼有利になる気がする。
2日目,農夫ヤコブ,人狼,あ、あともう二つだけ。これ終わったら次は灰考察。クララ☆>>434クララの昨日の発言は>>134とか結構単発言に白い黒いとズバズバいう人である人の全体を見て黒とか白とか言わないように思えたからgsがあった方がわかりやすいと思っただ。ペーター☆>>413眠いし時間無いし箱もないオイラはとりあえず気になった発言に見た順で突っ込んで行っただけだっただ。すまね。
2日目,青年ヨアヒム,村人,そうでないなら、旅来てないのに気づいてないのは狼要素にはならん気がするので。兵>>206だねアンカミスごめん。旅>>459　ちょ、占いすっとばして吊りなん！？それは村側なら駄目だYO！自吊りダメ、絶対！そして占COして食べられないの狼って…ここまでの発言が流れちゃんと追ってるように見えない分、その発言に妥当性が感じられない。って、頼むからヨアヒムにもわかる日本語でお願いしますうう。
2日目,旅人ニコラス,村人,ヨアたん、その説は否定する。私の意見で狼同士の有利性や情報共有や駆け引きが出来てないはず。
2日目,青年ヨアヒム,村人,誰だっけ、僕の灰観見えづれーって話、まだ白黒どうこうって言える段階じゃないんでごめん。それぞれの基盤把握と状況・盤面整理ちう。明日から頑張る！って夏休みの小学生チックな発想でいつも気づけば新学期。書：思考固め安定感　妙：前のめり　樵：なちゅらるほわいと　者：思考開示、自分で考えてる感　年：霊判定見てからに期待　農：ふぁいと　旅：村側ならちょう頑張って旅>>465　その説ってどの説！！？
2日目,旅人ニコラス,村人,すいません…私占うのもったいないからさ。ん…超基本、偽占COが狼なら、占い師であっても食べられないでしょう。狼さんが誰を食べるか予測するしかないけどね。私が狼ならアルビンかクララか。シモンやディーターも食べたい。まとめ役に近い要素のある人をね。
2日目,旅人ニコラス,村人,>>461の説　＞ヨアたんうん、ちょう頑張る（笑）
2日目,木こりトーマス,村人,★ニコラスとりあえず誰占ったらいいと思います？
2日目,ならず者ディーター,人狼,占考察。んー、アルビン狂視多いん？一黒は確かに強い狂要素なんだが…確霊だし、アルビン狂ならそんなにさっさと割らなくてもいい気がするんだがなぁ。信用勝負でアルビンは優勢っぽかったから、そのまま護衛引きつけて占3白にしといたら自然とGJ避けで▲商外れて真占襲撃になりそうだし、護衛は白出し占い師につきやすいのに、今日狼様が占霊襲撃失敗したら明日偽確で占襲撃の難易度がぐっと上がるから、狂の動きとしては
2日目,ならず者ディーター,人狼,結構リスクが高いような気がするんだが。アルビンはできる人っぽいから、その辺考えない人じゃなさそうだし。俺的には、ここ非狂要素。占３COって、ぶっちゃけ「占抜くぜゲへへ…」の陣形に見えるんで、狼の黒出しもアリだと思うんだよなぁ俺。狂人が空気読んで黒黒白になったら、真判定と狂の誤爆に見えるから真占師が白出しでも抜きやすくなると思うしな。単体では真っぽいと思うが、兵白めに見てるから偽で狼≧真≧狂。
2日目,旅人ニコラス,村人,☆トーマス　私の中でグレーな人はオットー、リーザ、ペーター。今日絶対に占いたい人は居ないから、他の人の希望で良い。
2日目,ならず者ディーター,人狼,フリーデルはラストに白出しか。今日の第一声から判定までの5分間が気になる。第一声は普通にはみ出ただけかもしれんけど、なんか様子見してるように見えるよなぁコレ。普通に狂くせーなって思ったんだけど、抱えてたのが白判定だったことを考えると真要素でもあるかな。白を先に出して、偽に割られたら白が偽黒で吊られることになりそうだし。うーむ。言いがかり満載だけどシモン考察>>350からシモンを吊らせまいとする必死
2日目,ならず者ディーター,人狼,さがあんまり伝わらんな。まあ▼兵は固そうとはいえ、ちと印象マイナス。>>252がぱっと見、赤ログサポートの内容に見えた俺ｗ>>349は既に何人かに突っこまれてるが謎すぎ。仲間いるなら他に誰か騙れる方はいらっしゃいませんかー？と思わんでもないし>>236>>253あたり書に擦り寄り感あるんだよな。この不安っぽさは頼れるの仲間の居ない非狼要素かね。トーマスも言ってるが、今日の発言はなんか微妙なんだよな
2日目,ならず者ディーター,人狼,ぁ。ここが良く分からん。狂アピみたいな振る舞いが、襲撃を怖がる真要素にも見えるが…ただ狂視されたら護衛も取れなくなると思うし、そういうことを考えて動くスキルがあるかどうかも掴めん。どっちかっていうと俺の目には微妙に見えたんだけど、屋>>380のフリの経験ありそう、は頷けるとこでもあるなと。>>150とかは確かに手慣れてる感あるし。でも、フリーデルはなんか対抗に切られ過ぎなんだよなぁ。商>>363
2日目,ならず者ディーター,人狼,にしろ屋>>380にしろ。商屋が狂なら50％で対抗は狼様なんで、ここ2人の非狂要素っぽい。んーやっぱフリーデル狂でいいんかこれ？って感じ。狂≧真＞狼。オットーは２番目に白か。まあ順番にこだわりなさそうだし、アルビンの判定出し早かったし黒だったから真狼狂何でもありそうな感じかな。ただ、そこにかかる夜明け前>>319「別に俺先でも構わない」の発言順にこだわりないのは真要素かな。別に対抗からの希望な
2日目,ならず者ディーター,人狼,んかスルーしてもいいとこなんで、真の余裕っぽく見えた。あ、>>285読み違えスマンねー。了解。判定と諸々の状況から真≧狼≧狂シモン>>312はなんだかなぁ…こうしたら狼っぽくない、って考えながら動いてるのは普通に黒要素なんだが。そういうことずけずけ言っちゃうのは白っぽく感じるんだよなぁ。村なら素直にのびのび喋った方が良いと思うけど。でも個人的には一点回って白っぽく見えているから、尼屋真寄り。
2日目,行商人アルビン,狂人,ふーやっと落ち着けた。細かくは今から見ていくけど、さっきまでざっと見た雑感。クララは昨日から引き続き白いなと思う。書>>454ではフリ狂オト狼の結論は私とは逆なのだけれど、その思考過程は良く解りますし、見えてない立場の人間っぽいなと思うのです。勿論この辺りは、今後フリ・オトを吊って出る霊判定によっても変わってくるところではあると思うので、その辺り残ってる村のみなさんで判断して頂きたいところです。
2日目,パン屋オットー,占い師,農：発言少ないのは鳩だからだろう。早めの能力処理してやりたいような希ガス。でも明日戻れそう？意見は素直な感じ、思ったことそのまま言ってそう。印象は白寄り灰。旅：喋ってくれてるのでワンモア。パッと見感覚的な物言いが多く>>467とか何を想定して言ってんのか分かんない。もう少し詳しく説明欲しい。ヨアたんのその説>>461は「アルがニコ忘れ＝狼仲間で表にいないが赤にはいる」と言う意味でニコの意見内容は
2日目,パン屋オットー,占い師,あんま関係ないのではないか。あと俺占い師だよ！！頑張って！者：遅め参上だからか印象薄。今出てる発言見ると素直さと視界の広さを感じる。白寄り灰。今日は放置。とりあえず●年○妙で提出。●○逆でも良い、妙白なら懐柔難しそうで、狼からすると、どちらかと言うと吊りたいタイプではないかなと思う。クララ>>455　ごめん、ネタないと死んでしまう性分でｗｗ　俺は真面目にやってるつもりだった！
2日目,木こりトーマス,村人,★ニコラス票を集めてるので誰か挙げて欲しいです。直感でも。ただオットーは占COですよ？
2日目,シスターフリーデル,人狼,私がアルビン-シモンがラインでないか？と疑ったのはアルビン>>125の「多分使えへん」の辺りです。なんでいきなりシモン風に言葉が変ったのでしょうか？アルビンとシモンは別の場所で色々話してたのかなと疑ってました。その後言葉が変ることは無いので、また裏で指摘されたのかなと感じてました。
2日目,行商人アルビン,狂人,Falseは黒でした。
